{
    "isShowActivity": true,
    "activityVersionCode": 0,
    "isShowPartyInvite": false,
    "newGratitudeUrl": "https://discord.gg/USSYEHU2TH",
    "adsConfig": {
        "mainAdsCD": 300.0,
        "mainAdsGray": 0.0,
        "gameDetailAdsCD": 1800.0,
        "gameDetailAdsGray": 0.0,
        "midwayAdGray": 0.0,
        "finalAdGray": 0.0,
        "hallAdGray": 0.0,
        "enterDetailGray": 0.0,
        "clickTabGray": 0.0
    },
    "specialAdsConfig": {
        "mainAdsCD": 300.0,
        "mainAdsGray": 0.0,
        "gameDetailAdsCD": 7200.0,
        "gameDetailAdsGray": 0.0,
        "midwayAdGray": 0.0,
        "finalAdGray": 0.0,
        "hallAdGray": 0.0,
        "enterDetailGray": 0.0,
        "clickTabGray": 0.0
    }
}
