[
    {
        "userId": "123",
        "nickName": "BlockyMod",
        "picUrl": "https://example.com/avatar1.png",
        "picType": 0,
        "sex": 1,
        "details": "Loves adventure games",
        "birthday": "2000-05-15"
    },
    {
        "userId": "456",
        "nickName": "GreenBmgo",
        "picUrl": "https://example.com/avatar2.png",
        "picType": 0,
        "sex": 1,
        "details": "Competitive player",
        "birthday": "1998-11-23"
    },
    {
        "userId": "789",
        "nickName": "MATTSUN",
        "picUrl": "https://example.com/avatar3.png",
        "picType": 0,
        "sex": 1,
        "details": "Enjoys creating pixel art",
        "birthday": "1995-08-02"
    },
    {
        "userId": "1011",
        "nickName": "Apollo",
        "picUrl": "https://example.com/avatar4.png",
        "picType": 0,
        "sex": 1,
        "details": "Passionate about exploration games",
        "birthday": "2002-01-30"
    },
    {
        "userId": "1213",
        "nickName": "Test",
        "picUrl": "https://example.com/avatar5.png",
        "picType": 0,
        "sex": 1,
        "details": "Loves space-themed games",
        "birthday": "1996-12-17"
    },
    {
        "userId": "1415",
        "nickName": "NULL",
        "picUrl": "https://example.com/avatar6.png",
        "picType": 0,
        "sex": 2,
        "details": "Fantasy game enthusiast",
        "birthday": "2001-03-22"
    },
    {
        "userId": "1617",
        "nickName": "Testing",
        "picUrl": "https://example.com/avatar7.png",
        "picType": 0,
        "sex": 1,
        "details": "Master of stealth games",
        "birthday": "1993-06-10"
    },
    {
        "userId": "1819",
        "nickName": "GameGirl",
        "picUrl": "https://example.com/avatar8.png",
        "picType": 0,
        "sex": 2,
        "details": "Enjoys classic arcade games",
        "birthday": "1989-04-25"
    },
    {
        "userId": "2021",
        "nickName": "Mark",
        "picUrl": "https://example.com/avatar9.png",
        "picType": 0,
        "sex": 1,
        "details": "Loves puzzle and brain games",
        "birthday": "2003-09-18"
    },
    {
        "userId": "2223",
        "nickName": "Unkown",
        "picUrl": "https://example.com/avatar10.png",
        "picType": 0,
        "sex": 2,
        "details": "Strategic thinking is key",
        "birthday": "1997-07-09"
    }
]