[
    
    {
        "gameId": "g1003",
        "gameTitle": "Bed Wars",
        "gameCoverPic": "https://static-hatcoins.vercel.app/gamesimg/bedwar_cover.png",
        "visitorEnter": 1931,
        "praiseNumber": 472242,
        "gameTypes": ["SIM", "AVG"]
    },
    {
        "gameId": "g1004",
        "gameTitle": "Jail Break",
        "gameCoverPic": "https://static-hatcoins.vercel.app/gamesimg/jailbreak.png",
        "visitorEnter": 132,
        "praiseNumber": 46623,
        "gameTypes": ["RP", "ACT"]
    },
    {
        "gameId": "g1005",
        "gameTitle": "Build Battle",
        "gameCoverPic": "https://static-hatcoins.vercel.app/gamesimg/build-battle.png",
        "visitorEnter": 424,
        "praiseNumber": 13212,
        "gameTypes": ["ADV"]
    },
    {
        "gameId": "g1006",
        "gameTitle": "Lucky Block Skywars",
        "gameCoverPic": "https://static-hatcoins.vercel.app/gamesimg/skywar.png",
        "visitorEnter": 524,
        "praiseNumber": 27372,
        "gameTypes": ["ACT", "ADV"]
    }
]
