[
    {
      "id": "10",
      "title": "Mailbox",
      "content": "You've been rewarded\nHello there you are rewarded with 999999 blue Rubik's cubes",
      "sendDate": 1724081215167,
      "status": 1,
      "type": 1,
      "attachment": [
        {
          "status": 1,
          "type": 1,
          "name": "Blue Rubik's Cube",
          "itemId": 1,
          "qty": 999999999,
          "icon": "http://staticgs.sandboxol.com/sandbox/images/banner/cube.png"
        }
      ],
      "extra": null
    }
]