[
    {
      "id": "10",
      "title": "Placeholder mail",
      "content": "This announcment can be edited in -mailbox.json-, which is located in the CONFIG folder",
      "sendDate": 1724081215167,
      "status": 1,
      "type": 1,
      "attachment": [
        {
          "status": 1,
          "type": 1,
          "name": "Blue Rubik's Cube",
          "itemId": 2,
          "qty": 999999999,
          "icon": "http://staticgs.sandboxol.com/sandbox/images/banner/cube.png"
        }
      ],
      "extra": null
    }
]
