[
    {
      "id": 315,
      "typeId": 8,
      "camera": "top",
      "name": "Indigo preppy blazer top",
      "iconUrl": "http://staticgs.sandboxol.com/sandbox/dresses/iconsiconsclothes_tops.1544428103055.58",
      "status": 0,
      "sex": 0,
      "tag": [],
      "resourceId": "clothes_tops.58",
      "details": "Indigo preppy blazer top",
      "price": 6000,
      "currency": 2,
      "expire": 0,
      "type": 0,
      "clanLevel": 0,
      "vip": 0,
      "occupyPosition": [
        12
      ],
      "hasPurchase": 1
    },
        {
      "id": 296,
      "typeId": 8,
      "camera": "top",
      "name": "Mechanic Top",
      "iconUrl": "http://staticgs.sandboxol.com/sandbox/dresses/iconsclothes_tops.61.clothes_tops.1571738171809.61",
      "status": 0,
      "sex": 0,
      "tag": [],
      "resourceId": "clothes_tops.61",
      "details": "Mechanic Top",
      "expire": 0,
      "type": 0,
      "clanLevel": 0,
      "vip": 0,
      "occupyPosition": [
        12
      ],
      "isFree": 1
    },
        {
      "id": 517,
      "typeId": 8,
      "camera": "top",
      "name": "Mechanic Top",
      "iconUrl": "http://staticgs.sandboxol.com/sandbox/dresses/iconsiconsclothes_tops.1569578572816.70",
      "status": 0,
      "sex": 0,
      "tag": [],
      "resourceId": "clothes_tops.70",
      "details": "Mechanic Top",
      "expire": 0,
      "type": 0,
      "clanLevel": 0,
      "vip": 0,
      "occupyPosition": [
        12
      ],
      "isFree": 1
    },
        {
      "id": 636,
      "typeId": 8,
      "camera": "top",
      "name": "Vampire",
      "iconUrl": "http://staticgs.sandboxol.com/sandbox/dresses/iconsclothes_tops.78.clothes_tops.1571737321207.78",
      "status": 0,
      "sex": 0,
      "tag": [],
      "resourceId": "clothes_tops.78",
      "details": "Mechanic Top",
      "expire": 0,
      "type": 0,
      "clanLevel": 0,
      "vip": 0,
      "occupyPosition": [
        12
      ],
      "isFree": 1
    },
        {
      "id": 714,
      "typeId": 8,
      "camera": "top",
      "name": "Mechanic Top",
      "iconUrl": "http://staticgs.sandboxol.com/sandbox/dresses/iconsiconsclothes_tops.1577430359623.87",
      "status": 0,
      "sex": 0,
      "tag": [],
      "resourceId": "clothes_tops.87",
      "details": "Mechanic Top",
      "expire": 0,
      "type": 0,
      "clanLevel": 0,
      "vip": 0,
      "occupyPosition": [
        12
      ],
      "isFree": 1
    },
        {
      "id": 684,
      "typeId": 8,
      "camera": "top",
      "name": "Mechanic Top",
      "iconUrl": "http://staticgs.sandboxol.com/sandbox/dresses/iconsiconsclothes_tops.1575627587867.71",
      "status": 0,
      "sex": 0,
      "tag": [],
      "resourceId": "clothes_tops.71",
      "details": "Mechanic Top",
      "expire": 0,
      "type": 0,
      "clanLevel": 0,
      "vip": 0,
      "occupyPosition": [
        12
      ],
      "isFree": 1
    },
        {
      "id": 534,
      "typeId": 8,
      "camera": "top",
      "name": "Mechanic Top",
      "iconUrl": "http://staticgs.sandboxol.com/sandbox/dresses/iconsiconsclothes_tops.1569579583288.72",
      "status": 0,
      "sex": 0,
      "tag": [],
      "resourceId": "clothes_tops.72",
      "details": "Mechanic Top",
      "expire": 0,
      "type": 0,
      "clanLevel": 0,
      "vip": 0,
      "occupyPosition": [
        12
      ],
      "isFree": 1
    },
        {
      "id": 743,
      "typeId": 8,
      "camera": "top",
      "name": "Mechanic Top",
      "iconUrl": "http://staticgs.sandboxol.com/sandbox/dresses/iconsiconsclothes_tops.1577430542729.85",
      "status": 0,
      "sex": 0,
      "tag": [],
      "resourceId": "clothes_tops.85",
      "details": "Mechanic Top",
      "expire": 0,
      "type": 0,
      "clanLevel": 0,
      "vip": 0,
      "occupyPosition": [
        12
      ],
      "isFree": 1
    },
        {
      "id": 724,
      "typeId": 8,
      "camera": "top",
      "name": "Mechanic Top",
      "iconUrl": "http://staticgs.sandboxol.com/sandbox/dresses/iconsiconsclothes_tops.1577430406351.86",
      "status": 0,
      "sex": 0,
      "tag": [],
      "resourceId": "clothes_tops.86",
      "details": "Mechanic Top",
      "expire": 0,
      "type": 0,
      "clanLevel": 0,
      "vip": 0,
      "occupyPosition": [
        12
      ],
      "isFree": 1
    },
        {
      "id": 676,
      "typeId": 8,
      "camera": "top",
      "name": "Mechanic Top",
      "iconUrl": "http://staticgs.sandboxol.com/sandbox/dresses/iconsiconsclothes_tops.1575627481870.82",
      "status": 0,
      "sex": 0,
      "tag": [],
      "resourceId": "clothes_tops.82",
      "details": "Mechanic Top",
      "expire": 0,
      "type": 0,
      "clanLevel": 0,
      "vip": 0,
      "occupyPosition": [
        12
      ],
      "isFree": 1
    },
        {
      "id": 313,
      "typeId": 8,
      "camera": "top",
      "name": "Mechanic Top",
      "iconUrl": "http://staticgs.sandboxol.com/sandbox/dresses/iconsiconsclothes_tops.1544428092091.59",
      "status": 0,
      "sex": 0,
      "tag": [],
      "resourceId": "clothes_tops.59",
      "details": "Mechanic Top",
      "expire": 0,
      "type": 0,
      "clanLevel": 0,
      "vip": 0,
      "occupyPosition": [
        12
      ],
      "isFree": 1
    },
    {
      "id": 317,
      "typeId": 8,
      "camera": "top",
      "name": "Blue sweater top",
      "iconUrl": "http://staticgs.sandboxol.com/sandbox/dresses/iconsiconsclothes_tops.1544428156121.57",
      "status": 0,
      "sex": 0,
      "tag": [],
      "resourceId": "clothes_tops.57",
      "details": "Blue sweater top",
      "price": 6000,
      "currency": 2,
      "expire": 0,
      "type": 0,
      "clanLevel": 0,
      "vip": 0,
      "occupyPosition": [
        12
      ],
      "hasPurchase": 0
    },
    {
      "id": 319,
      "typeId": 8,
      "camera": "top",
      "name": "Zipper sport shirt top",
      "iconUrl": "http://staticgs.sandboxol.com/sandbox/dresses/iconsiconsclothes_tops.1544428200093.56",
      "status": 0,
      "sex": 0,
      "tag": [],
      "resourceId": "clothes_tops.56",
      "details": "Zipper sport shirt top",
      "price": 6000,
      "currency": 2,
      "expire": 0,
      "type": 0,
      "clanLevel": 0,
      "vip": 0,
      "occupyPosition": [
        12
      ],
      "hasPurchase": 0
    },
        {
      "id": 732,
      "typeId": 8,
      "camera": "top",
      "name": "Mechanic Top",
      "iconUrl": "http://staticgs.sandboxol.com/sandbox/dresses/iconsiconsclothes_tops.1577430470755.84",
      "status": 0,
      "sex": 0,
      "tag": [],
      "resourceId": "clothes_tops.84",
      "details": "Mechanic Top",
      "expire": 0,
      "type": 0,
      "clanLevel": 0,
      "vip": 0,
      "occupyPosition": [
        12
      ],
      "isFree": 1
    },
    {
      "id": 323,
      "typeId": 8,
      "camera": "top",
      "name": "Blue-white sport coat top",
      "iconUrl": "http://staticgs.sandboxol.com/sandbox/dresses/iconsiconsclothes_tops.1544428212709.55",
      "status": 0,
      "sex": 0,
      "tag": [],
      "resourceId": "clothes_tops.55",
      "details": "Blue-white sport coat top",
      "price": 6000,
      "currency": 2,
      "expire": 0,
      "type": 0,
      "clanLevel": 0,
      "vip": 0,
      "occupyPosition": [
        12
      ],
      "hasPurchase": 0
    },
    {
      "id": 329,
      "typeId": 8,
      "camera": "top",
      "name": "Orange sport jacket top",
      "iconUrl": "http://staticgs.sandboxol.com/sandbox/dresses/iconsiconsclothes_tops.1544428242035.53",
      "status": 0,
      "sex": 0,
      "tag": [],
      "resourceId": "clothes_tops.53",
      "details": "Orange sport jacket top",
      "price": 6000,
      "currency": 2,
      "expire": 0,
      "type": 0,
      "clanLevel": 0,
      "vip": 0,
      "occupyPosition": [
        12
      ],
      "hasPurchase": 0
    },
    {
      "id": 263,
      "typeId": 8,
      "camera": "top",
      "name": "brown school uniform top",
      "iconUrl": "http://staticgs.sandboxol.com/sandbox/dresses/iconsclothes_tops.49.clothes_tops.1535535603213.49",
      "status": 0,
      "sex": 0,
      "tag": [],
      "resourceId": "clothes_tops.49",
      "details": "brown school uniform top",
      "price": 6000,
      "currency": 2,
      "expire": 0,
      "type": 0,
      "clanLevel": 0,
      "vip": 0,
      "occupyPosition": [
        12
      ],
      "hasPurchase": 0
    },
    {
      "id": 265,
      "typeId": 8,
      "camera": "top",
      "name": "small red jacket top",
      "iconUrl": "http://staticgs.sandboxol.com/sandbox/dresses/iconsclothes_tops.48.clothes_tops.1535535563949.48",
      "status": 0,
      "sex": 0,
      "tag": [],
      "resourceId": "clothes_tops.48",
      "details": "small red jacket top",
      "price": 6000,
      "currency": 2,
      "expire": 0,
      "type": 0,
      "clanLevel": 0,
      "vip": 0,
      "occupyPosition": [
        12
      ],
      "hasPurchase": 1
    },
    {
      "id": 689,
      "typeId": 8,
      "camera": "top",
      "name": "Robot top",
      "iconUrl": "http://staticgs.sandboxol.com/sandbox/dresses/iconsiconsclothes_tops.1575627587867.71",
      "status": 0,
      "sex": 0,
      "tag": [],
      "resourceId": "clothes_tops.15",
      "details": "Robot top",
      "price": 150,
      "currency": 1,
      "expire": 0,
      "type": 0,
      "clanLevel": 0,
      "vip": 0,
      "occupyPosition": [
        12
      ],
      "hasPurchase": 0
    },
    {
      "id": 106,
      "typeId": 8,
      "camera": "top",
      "name": "Iron man top",
      "iconUrl": "http://staticgs.sandboxol.com/sandbox/dresses/iconsclothes_tops.17.clothes_tops.1516866991984.17",
      "status": 0,
      "sex": 0,
      "tag": [],
      "resourceId": "clothes_tops.17",
      "details": "Iron man top",
      "price": 120,
      "currency": 1,
      "expire": 0,
      "type": 0,
      "clanLevel": 0,
      "vip": 0,
      "occupyPosition": [
        12
      ],
      "hasPurchase": 1
    },
    {
      "id": 220,
      "typeId": 8,
      "camera": "top",
      "name": "Russia 2018 mascot top",
      "iconUrl": "http://staticgs.sandboxol.com/sandbox/dresses/iconsclothes_tops.33.clothes_tops.1528202214184.33",
      "status": 0,
      "sex": 0,
      "tag": [],
      "resourceId": "clothes_tops.33",
      "details": "Russia 2018 mascot top",
      "price": 8000,
      "currency": 2,
      "expire": 0,
      "type": 0,
      "clanLevel": 0,
      "vip": 0,
      "occupyPosition": [
        12
      ],
      "hasPurchase": 0
    },
    {
      "id": 351,
      "typeId": 8,
      "camera": "top",
      "name": "Rivet leather top",
      "iconUrl": "http://staticgs.sandboxol.com/sandbox/dresses/iconsiconsclothes_tops.1553160276012.60",
      "status": 0,
      "sex": 0,
      "tag": [],
      "resourceId": "clothes_tops.60",
      "details": "Rivet leather top",
      "price": 100,
      "currency": 1,
      "expire": 0,
      "type": 0,
      "clanLevel": 0,
      "vip": 0,
      "occupyPosition": [
        12
      ],
      "hasPurchase": 1
    },
    {
      "id": 224,
      "typeId": 8,
      "camera": "top",
      "name": "Saudi top",
      "iconUrl": "http://staticgs.sandboxol.com/sandbox/dresses/iconsclothes_tops.31.clothes_tops.1528201296476.31",
      "status": 0,
      "sex": 0,
      "tag": [],
      "resourceId": "clothes_tops.31",
      "details": "Saudi top",
      "price": 6000,
      "currency": 2,
      "expire": 0,
      "type": 0,
      "clanLevel": 0,
      "vip": 0,
      "occupyPosition": [
        12
      ],
      "hasPurchase": 0
    },
    {
      "id": 259,
      "typeId": 8,
      "camera": "top",
      "name": "Rich top",
      "iconUrl": "http://staticgs.sandboxol.com/sandbox/dresses/iconsclothes_tops.34.clothes_tops.1531284824119.34",
      "status": 0,
      "sex": 0,
      "tag": [],
      "resourceId": "clothes_tops.34",
      "details": "Rich top",
      "price": 9999,
      "currency": 1,
      "expire": 0,
      "type": 0,
      "clanLevel": 0,
      "vip": 0,
      "occupyPosition": [
        12
      ],
      "hasPurchase": 1
    },
    {
      "id": 239,
      "typeId": 8,
      "camera": "top",
      "name": "Japan top",
      "iconUrl": "http://staticgs.sandboxol.com/sandbox/dresses/iconsclothes_tops.24.clothes_tops.1528191279013.24",
      "status": 0,
      "sex": 0,
      "tag": [],
      "resourceId": "clothes_tops.24",
      "details": "Japan top",
      "price": 8000,
      "currency": 2,
      "expire": 0,
      "type": 0,
      "clanLevel": 0,
      "vip": 0,
      "occupyPosition": [
        12
      ],
      "hasPurchase": 1
    },
    {
      "id": 229,
      "typeId": 8,
      "camera": "top",
      "name": "Russia 2 top",
      "iconUrl": "http://staticgs.sandboxol.com/sandbox/dresses/iconsclothes_tops.29.clothes_tops.1528200767295.29",
      "status": 0,
      "sex": 0,
      "tag": [],
      "resourceId": "clothes_tops.29",
      "details": "Russia 2 top",
      "price": 8000,
      "currency": 2,
      "expire": 0,
      "type": 0,
      "clanLevel": 0,
      "vip": 0,
      "occupyPosition": [
        12
      ],
      "hasPurchase": 1
    },
    {
      "id": 226,
      "typeId": 8,
      "camera": "top",
      "name": "Spain top",
      "iconUrl": "http://staticgs.sandboxol.com/sandbox/dresses/iconsclothes_tops.30.clothes_tops.1528201032738.30",
      "status": 0,
      "sex": 0,
      "tag": [],
      "resourceId": "clothes_tops.30",
      "details": "Spain top",
      "price": 8000,
      "currency": 2,
      "expire": 0,
      "type": 0,
      "clanLevel": 0,
      "vip": 0,
      "occupyPosition": [
        12
      ],
      "hasPurchase": 0
    },
    {
      "id": 245,
      "typeId": 8,
      "camera": "top",
      "name": "Brazil top",
      "iconUrl": "http://staticgs.sandboxol.com/sandbox/dresses/iconsclothes_tops.21.clothes_tops.1528190609748.21",
      "status": 0,
      "sex": 0,
      "tag": [],
      "resourceId": "clothes_tops.21",
      "details": "Brazil top",
      "price": 8000,
      "currency": 2,
      "expire": 0,
      "type": 0,
      "clanLevel": 0,
      "vip": 0,
      "occupyPosition": [
        12
      ],
      "hasPurchase": 1
    },
    {
      "id": 235,
      "typeId": 8,
      "camera": "top",
      "name": "Mexico top",
      "iconUrl": "http://staticgs.sandboxol.com/sandbox/dresses/iconsclothes_tops.26.clothes_tops.1528186359466.26",
      "status": 0,
      "sex": 0,
      "tag": [],
      "resourceId": "clothes_tops.26",
      "details": "Mexico top",
      "price": 8000,
      "currency": 2,
      "expire": 0,
      "type": 0,
      "clanLevel": 0,
      "vip": 0,
      "occupyPosition": [
        12
      ],
      "hasPurchase": 1
    },
    {
      "id": 231,
      "typeId": 8,
      "camera": "top",
      "name": "Portugal top",
      "iconUrl": "http://staticgs.sandboxol.com/sandbox/dresses/iconsclothes_tops.28.clothes_tops.1528200514645.28",
      "status": 0,
      "sex": 0,
      "tag": [],
      "resourceId": "clothes_tops.28",
      "details": "Portugal top",
      "price": 8000,
      "currency": 2,
      "expire": 0,
      "type": 0,
      "clanLevel": 0,
      "vip": 0,
      "occupyPosition": [
        12
      ],
      "hasPurchase": 0
    },
    {
      "id": 233,
      "typeId": 8,
      "camera": "top",
      "name": "Poland top",
      "iconUrl": "http://staticgs.sandboxol.com/sandbox/dresses/iconsclothes_tops.27.clothes_tops.1528191775510.27",
      "status": 0,
      "sex": 0,
      "tag": [],
      "resourceId": "clothes_tops.27",
      "details": "Poland top",
      "price": 8000,
      "currency": 2,
      "expire": 0,
      "type": 0,
      "clanLevel": 0,
      "vip": 0,
      "occupyPosition": [
        12
      ],
      "hasPurchase": 0
    },
    {
      "id": 241,
      "typeId": 8,
      "camera": "top",
      "name": "Germany jersey top",
      "iconUrl": "http://staticgs.sandboxol.com/sandbox/dresses/iconsclothes_tops.23.clothes_tops.1528185579659.23",
      "status": 0,
      "sex": 0,
      "tag": [],
      "resourceId": "clothes_tops.23",
      "details": "Germany jersey top",
      "price": 8000,
      "currency": 2,
      "expire": 0,
      "type": 0,
      "clanLevel": 0,
      "vip": 0,
      "occupyPosition": [
        12
      ],
      "hasPurchase": 0
    },
    {
      "id": 279,
      "typeId": 8,
      "camera": "top",
      "name": "Eskimo A top",
      "iconUrl": "http://staticgs.sandboxol.com/sandbox/dresses/iconsclothes_tops.41.clothes_tops.1535535170880.41",
      "status": 0,
      "sex": 0,
      "tag": [],
      "resourceId": "clothes_tops.41",
      "details": "Eskimo A top",
      "price": 6000,
      "currency": 2,
      "expire": 0,
      "type": 0,
      "clanLevel": 0,
      "vip": 0,
      "occupyPosition": [
        12
      ],
      "hasPurchase": 0
    },
    {
      "id": 277,
      "typeId": 8,
      "camera": "top",
      "name": "Eskimo B top",
      "iconUrl": "http://staticgs.sandboxol.com/sandbox/dresses/iconsclothes_tops.42.clothes_tops.1535535206160.42",
      "status": 0,
      "sex": 0,
      "tag": [],
      "resourceId": "clothes_tops.42",
      "details": "Eskimo B top",
      "price": 6000,
      "currency": 2,
      "expire": 0,
      "type": 0,
      "clanLevel": 0,
      "vip": 0,
      "occupyPosition": [
        12
      ],
      "hasPurchase": 0
    },
    {
      "id": 275,
      "typeId": 8,
      "camera": "top",
      "name": "Eskimo C top",
      "iconUrl": "http://staticgs.sandboxol.com/sandbox/dresses/iconsclothes_tops.43.clothes_tops.1535535298329.43",
      "status": 0,
      "sex": 0,
      "tag": [],
      "resourceId": "clothes_tops.43",
      "details": "Eskimo C top",
      "price": 6000,
      "currency": 2,
      "expire": 0,
      "type": 0,
      "clanLevel": 0,
      "vip": 0,
      "occupyPosition": [
        12
      ],
      "hasPurchase": 0
    },
    {
      "id": 326,
      "typeId": 8,
      "camera": "top",
      "name": "Dungarees top",
      "iconUrl": "http://staticgs.sandboxol.com/sandbox/dresses/iconsiconsclothes_tops.1544428233438.54",
      "status": 0,
      "sex": 0,
      "tag": [],
      "resourceId": "clothes_tops.54",
      "details": "Dungarees top",
      "price": 6000,
      "currency": 2,
      "expire": 0,
      "type": 0,
      "clanLevel": 0,
      "vip": 0,
      "occupyPosition": [
        12
      ],
      "hasPurchase": 1
    },
    {
      "id": 281,
      "typeId": 8,
      "camera": "top",
      "name": "blue sleeve top",
      "iconUrl": "http://staticgs.sandboxol.com/sandbox/dresses/iconsclothes_tops.40.clothes_tops.1535535121141.40",
      "status": 0,
      "sex": 0,
      "tag": [],
      "resourceId": "clothes_tops.40",
      "details": "blue sleeve top",
      "price": 6000,
      "currency": 2,
      "expire": 0,
      "type": 0,
      "clanLevel": 0,
      "vip": 0,
      "occupyPosition": [
        12
      ],
      "hasPurchase": 0
    },
    {
      "id": 646,
      "typeId": 8,
      "camera": "top",
      "name": "Mummy top",
      "iconUrl": "http://staticgs.sandboxol.com/sandbox/dresses/iconsclothes_tops.79.clothes_tops.1571738003541.78",
      "status": 0,
      "sex": 0,
      "tag": [],
      "resourceId": "clothes_tops.79",
      "details": "Mummy top",
      "price": 100,
      "currency": 1,
      "expire": 0,
      "type": 0,
      "clanLevel": 0,
      "vip": 0,
      "occupyPosition": [
        12
      ],
      "hasPurchase": 0
    },
    {
      "id": 283,
      "typeId": 8,
      "camera": "top",
      "name": "black half sleeve top",
      "iconUrl": "http://staticgs.sandboxol.com/sandbox/dresses/iconsclothes_tops.39.clothes_tops.1535535073191.39",
      "status": 0,
      "sex": 0,
      "tag": [],
      "resourceId": "clothes_tops.39",
      "details": "black half sleeve top",
      "price": 6000,
      "currency": 2,
      "expire": 0,
      "type": 0,
      "clanLevel": 0,
      "vip": 0,
      "occupyPosition": [
        12
      ],
      "hasPurchase": 0
    },
    {
      "id": 285,
      "typeId": 8,
      "camera": "top",
      "name": "Off-White Pattern Sweatshirt top",
      "iconUrl": "http://staticgs.sandboxol.com/sandbox/dresses/iconsclothes_tops.38.clothes_tops.1535535015339.38",
      "status": 0,
      "sex": 0,
      "tag": [],
      "resourceId": "clothes_tops.38",
      "details": "Off-White Pattern Sweatshirt top",
      "price": 6000,
      "currency": 2,
      "expire": 0,
      "type": 0,
      "clanLevel": 0,
      "vip": 0,
      "occupyPosition": [
        12
      ],
      "hasPurchase": 0
    },
    {
      "id": 222,
      "typeId": 8,
      "camera": "top",
      "name": "Argentina top",
      "iconUrl": "http://staticgs.sandboxol.com/sandbox/dresses/iconsclothes_tops.32.clothes_tops.1528201597841.32",
      "status": 0,
      "sex": 0,
      "tag": [],
      "resourceId": "clothes_tops.32",
      "details": "Argentina top",
      "price": 8000,
      "currency": 2,
      "expire": 0,
      "type": 0,
      "clanLevel": 0,
      "vip": 0,
      "occupyPosition": [
        12
      ],
      "hasPurchase": 0
    },
    {
      "id": 237,
      "typeId": 8,
      "camera": "top",
      "name": "south korea top",
      "iconUrl": "http://staticgs.sandboxol.com/sandbox/dresses/iconsclothes_tops.25.clothes_tops.1528191477100.25",
      "status": 0,
      "sex": 0,
      "tag": [],
      "resourceId": "clothes_tops.25",
      "details": "south korea top",
      "price": 8000,
      "currency": 2,
      "expire": 0,
      "type": 0,
      "clanLevel": 0,
      "vip": 0,
      "occupyPosition": [
        12
      ],
      "hasPurchase": 0
    },
    {
      "id": 316,
      "typeId": 9,
      "camera": "bottom",
      "name": "Classic suit pants",
      "iconUrl": "http://staticgs.sandboxol.com/sandbox/dresses/iconsiconsclothes_pants.1544428153374.58",
      "status": 0,
      "sex": 0,
      "tag": [],
      "resourceId": "clothes_pants.58",
      "details": "Classic suit pants",
      "price": 4800,
      "currency": 2,
      "expire": 0,
      "type": 0,
      "clanLevel": 0,
      "vip": 0,
      "occupyPosition": [
        12
      ],
      "hasPurchase": 0
    },
    {
      "id": 318,
      "typeId": 9,
      "camera": "bottom",
      "name": "Black cotton trousers pants",
      "iconUrl": "http://staticgs.sandboxol.com/sandbox/dresses/iconsiconsclothes_pants.1544428158507.57",
      "status": 0,
      "sex": 0,
      "tag": [],
      "resourceId": "clothes_pants.57",
      "details": "Black cotton trousers pants",
      "price": 4800,
      "currency": 2,
      "expire": 0,
      "type": 0,
      "clanLevel": 0,
      "vip": 0,
      "occupyPosition": [
        12
      ],
      "hasPurchase": 0
    },
    {
      "id": 320,
      "typeId": 9,
      "camera": "bottom",
      "name": "Yellow shorts pants",
      "iconUrl": "http://staticgs.sandboxol.com/sandbox/dresses/iconsiconsclothes_pants.1544428202583.56",
      "status": 0,
      "sex": 0,
      "tag": [],
      "resourceId": "clothes_pants.56",
      "details": "Yellow shorts pants",
      "price": 4800,
      "currency": 2,
      "expire": 0,
      "type": 0,
      "clanLevel": 0,
      "vip": 0,
      "occupyPosition": [
        12
      ],
      "hasPurchase": 0
    },
        {
      "id": 722,
      "typeId": 9,
      "camera": "top",
      "name": "Mechanic Top",
      "iconUrl": "http://staticgs.sandboxol.com/sandbox/dresses/iconsiconsclothes_pants.1577430398823.86",
      "status": 0,
      "sex": 0,
      "tag": [],
      "resourceId": "clothes_pants.86",
      "details": "Mechanic Top",
      "expire": 0,
      "type": 0,
      "clanLevel": 0,
      "vip": 0,
      "occupyPosition": [
        12
      ],
      "isFree": 1
    },
    {
      "id": 324,
      "typeId": 9,
      "camera": "bottom",
      "name": "White pants",
      "iconUrl": "http://staticgs.sandboxol.com/sandbox/dresses/iconsiconsclothes_pants.1544428224938.55",
      "status": 0,
      "sex": 0,
      "tag": [],
      "resourceId": "clothes_pants.55",
      "details": "White pants",
      "price": 4800,
      "currency": 2,
      "expire": 0,
      "type": 0,
      "clanLevel": 0,
      "vip": 0,
      "occupyPosition": [
        12
      ],
      "hasPurchase": 0
    },
        {
      "id": 518,
      "typeId": 9,
      "camera": "top",
      "name": "Mechanic Top",
      "iconUrl": "http://staticgs.sandboxol.com/sandbox/dresses/iconsiconsclothes_pants.1569578576599.70",
      "status": 0,
      "sex": 0,
      "tag": [],
      "resourceId": "clothes_pants.70",
      "details": "Mechanic Top",
      "expire": 0,
      "type": 0,
      "clanLevel": 0,
      "vip": 0,
      "occupyPosition": [
        12
      ],
      "isFree": 1
    },
        {
      "id": 638,
      "typeId": 9,
      "camera": "top",
      "name": "Mechanic Top",
      "iconUrl": "http://staticgs.sandboxol.com/sandbox/dresses/iconsclothes_pants.78.clothes_pants.1571737374546.78",
      "status": 0,
      "sex": 0,
      "tag": [],
      "resourceId": "clothes_pants.78",
      "details": "Mechanic Top",
      "expire": 0,
      "type": 0,
      "clanLevel": 0,
      "vip": 0,
      "occupyPosition": [
        12
      ],
      "isFree": 1
    },
    {
      "id": 325,
      "typeId": 9,
      "camera": "bottom",
      "name": "Dungarees_pants pants",
      "iconUrl": "http://staticgs.sandboxol.com/sandbox/dresses/iconsiconsclothes_pants.1544428228069.54",
      "status": 0,
      "sex": 0,
      "tag": [],
      "resourceId": "clothes_pants.54",
      "details": "Dungarees_pants pants",
      "price": 4800,
      "currency": 2,
      "expire": 0,
      "type": 0,
      "clanLevel": 0,
      "vip": 0,
      "occupyPosition": [
        12
      ],
      "hasPurchase": 0
    },
        {
      "id": 683,
      "typeId": 9,
      "camera": "top",
      "name": "Mechanic Top",
      "iconUrl": "http://staticgs.sandboxol.com/sandbox/dresses/iconsiconsclothes_pants.1575627504827.71",
      "status": 0,
      "sex": 0,
      "tag": [],
      "resourceId": "clothes_pants.71",
      "details": "Mechanic Top",
      "expire": 0,
      "type": 0,
      "clanLevel": 0,
      "vip": 0,
      "occupyPosition": [
        12
      ],
      "isFree": 1
    },
    {
      "id": 330,
      "typeId": 9,
      "camera": "bottom",
      "name": "Blue sport shorts pants",
      "iconUrl": "http://staticgs.sandboxol.com/sandbox/dresses/iconsiconsclothes_pants.1544428244212.53",
      "status": 0,
      "sex": 0,
      "tag": [],
      "resourceId": "clothes_pants.53",
      "details": "Blue sport shorts pants",
      "price": 4800,
      "currency": 2,
      "expire": 0,
      "type": 0,
      "clanLevel": 0,
      "vip": 0,
      "occupyPosition": [
        12
      ],
      "hasPurchase": 0
    },
        {
      "id": 712,
      "typeId": 9,
      "camera": "top",
      "name": "Mechanic Top",
      "iconUrl": "http://staticgs.sandboxol.com/sandbox/dresses/iconsiconsclothes_pants.1577430348998.87",
      "status": 0,
      "sex": 0,
      "tag": [],
      "resourceId": "clothes_pants.87",
      "details": "Mechanic Top",
      "expire": 0,
      "type": 0,
      "clanLevel": 0,
      "vip": 0,
      "occupyPosition": [
        12
      ],
      "isFree": 1
    },
        {
      "id": 742,
      "typeId": 8,
      "camera": "top",
      "name": "Mechanic Top",
      "iconUrl": "http://staticgs.sandboxol.com/sandbox/dresses/iconsiconsclothes_pants.1577430539746.85",
      "status": 0,
      "sex": 0,
      "tag": [],
      "resourceId": "clothes_pants.85",
      "details": "Mechanic Top",
      "expire": 0,
      "type": 0,
      "clanLevel": 0,
      "vip": 0,
      "occupyPosition": [
        12
      ],
      "isFree": 1
    },
    {
      "id": 264,
      "typeId": 9,
      "camera": "bottom",
      "name": "Gray Leggings pants",
      "iconUrl": "http://staticgs.sandboxol.com/sandbox/dresses/iconsclothes_pants.49.clothes_pants.1535534977236.49",
      "status": 0,
      "sex": 0,
      "tag": [],
      "resourceId": "clothes_pants.49",
      "details": "Gray Leggings pants",
      "price": 4800,
      "currency": 2,
      "expire": 0,
      "type": 0,
      "clanLevel": 0,
      "vip": 0,
      "occupyPosition": [
        12
      ],
      "hasPurchase": 0
    },
        {
      "id": 297,
      "typeId": 9,
      "camera": "top",
      "name": "Mechanic Top",
      "iconUrl": "http://staticgs.sandboxol.com/sandbox/dresses/iconsclothes_pants.61.clothes_pants.1571738189032.61",
      "status": 0,
      "sex": 0,
      "tag": [],
      "resourceId": "clothes_pants.61",
      "details": "Mechanic Top",
      "expire": 0,
      "type": 0,
      "clanLevel": 0,
      "vip": 0,
      "occupyPosition": [
        12
      ],
      "isFree": 1
    },
    {
      "id": 266,
      "typeId": 9,
      "camera": "bottom",
      "name": "blue denim trousers pants",
      "iconUrl": "http://staticgs.sandboxol.com/sandbox/dresses/iconsclothes_pants.48.clothes_pants.1535534941365.48",
      "status": 0,
      "sex": 0,
      "tag": [],
      "resourceId": "clothes_pants.48",
      "details": "blue denim trousers pants",
      "price": 4800,
      "currency": 2,
      "expire": 0,
      "type": 0,
      "clanLevel": 0,
      "vip": 0,
      "occupyPosition": [
        12
      ],
      "hasPurchase": 0
    },
    {
      "id": 268,
      "typeId": 9,
      "camera": "bottom",
      "name": "blue denim shorts pants",
      "iconUrl": "http://staticgs.sandboxol.com/sandbox/dresses/iconsclothes_pants.47.clothes_pants.1535534903460.47",
      "status": 0,
      "sex": 0,
      "tag": [],
      "resourceId": "clothes_pants.47",
      "details": "blue denim shorts pants",
      "price": 4800,
      "currency": 2,
      "expire": 0,
      "type": 0,
      "clanLevel": 0,
      "vip": 0,
      "occupyPosition": [
        12
      ],
      "hasPurchase": 0
    },
        {
      "id": 675,
      "typeId": 9,
      "camera": "top",
      "name": "Mechanic Top",
      "iconUrl": "http://staticgs.sandboxol.com/sandbox/dresses/iconsiconsclothes_pants.1575627479648.82",
      "status": 0,
      "sex": 0,
      "tag": [],
      "resourceId": "clothes_pants.82",
      "details": "Mechanic Top",
      "expire": 0,
      "type": 0,
      "clanLevel": 0,
      "vip": 0,
      "occupyPosition": [
        12
      ],
      "isFree": 1
    },
        {
      "id": 314,
      "typeId": 9,
      "camera": "top",
      "name": "Mechanic Top",
      "iconUrl": "http://staticgs.sandboxol.com/sandbox/dresses/iconsiconsclothes_pants.1544428097086.59",
      "status": 0,
      "sex": 0,
      "tag": [],
      "resourceId": "clothes_pants.59",
      "details": "Mechanic Top",
      "expire": 0,
      "type": 0,
      "clanLevel": 0,
      "vip": 0,
      "occupyPosition": [
        12
      ],
      "isFree": 1
    },
    {
      "id": 107,
      "typeId": 9,
      "camera": "bottom",
      "name": "Iron man pants",
      "iconUrl": "http://staticgs.sandboxol.com/sandbox/dresses/iconsclothes_pants.17.clothes_pants.1516866541117.17",
      "status": 0,
      "sex": 0,
      "tag": [],
      "resourceId": "clothes_pants.17",
      "details": "Iron man pants",
      "price": 60,
      "currency": 1,
      "expire": 0,
      "type": 0,
      "clanLevel": 0,
      "vip": 0,
      "occupyPosition": [
        12
      ],
      "hasPurchase": 0
    },
    {
      "id": 350,
      "typeId": 9,
      "camera": "bottom",
      "name": "Rivet leather pants",
      "iconUrl": "http://staticgs.sandboxol.com/sandbox/dresses/iconsiconsclothes_pants.1553160269386.60",
      "status": 0,
      "sex": 0,
      "tag": [],
      "resourceId": "clothes_pants.60",
      "details": "Rivet leather pants",
      "price": 80,
      "currency": 1,
      "expire": 0,
      "type": 0,
      "clanLevel": 0,
      "vip": 0,
      "occupyPosition": [
        12
      ],
      "hasPurchase": 1
    },
        {
      "id": 730,
      "typeId": 8,
      "camera": "top",
      "name": "Mechanic Top",
      "iconUrl": "http://staticgs.sandboxol.com/sandbox/dresses/iconsiconsclothes_pants.1577430462065.84",
      "status": 0,
      "sex": 0,
      "tag": [],
      "resourceId": "clothes_pants.84",
      "details": "Mechanic Top",
      "expire": 0,
      "type": 0,
      "clanLevel": 0,
      "vip": 0,
      "occupyPosition": [
        12
      ],
      "isFree": 1
    },
    {
      "id": 225,
      "typeId": 9,
      "camera": "bottom",
      "name": "Saudi pants",
      "iconUrl": "http://staticgs.sandboxol.com/sandbox/dresses/iconsclothes_pants.31.clothes_pants.1528201196504.31",
      "status": 0,
      "sex": 0,
      "tag": [],
      "resourceId": "clothes_pants.31",
      "details": "Saudi pants",
      "price": 4800,
      "currency": 2,
      "expire": 0,
      "type": 0,
      "clanLevel": 0,
      "vip": 0,
      "occupyPosition": [
        12
      ],
      "hasPurchase": 0
    },
    {
      "id": 240,
      "typeId": 9,
      "camera": "bottom",
      "name": "Japan pants",
      "iconUrl": "http://staticgs.sandboxol.com/sandbox/dresses/iconsclothes_pants.24.clothes_pants.1528191174265.24",
      "status": 0,
      "sex": 0,
      "tag": [],
      "resourceId": "clothes_pants.24",
      "details": "Japan pants",
      "price": 4800,
      "currency": 2,
      "expire": 0,
      "type": 0,
      "clanLevel": 0,
      "vip": 0,
      "occupyPosition": [
        12
      ],
      "hasPurchase": 0
    },
    {
      "id": 232,
      "typeId": 9,
      "camera": "bottom",
      "name": "Portugal pants",
      "iconUrl": "http://staticgs.sandboxol.com/sandbox/dresses/iconsclothes_pants.28.clothes_pants.1528200391744.28",
      "status": 0,
      "sex": 0,
      "tag": [],
      "resourceId": "clothes_pants.28",
      "details": "Portugal pants",
      "price": 4000,
      "currency": 2,
      "expire": 0,
      "type": 0,
      "clanLevel": 0,
      "vip": 0,
      "occupyPosition": [
        12
      ],
      "hasPurchase": 0
    },
    {
      "id": 234,
      "typeId": 9,
      "camera": "bottom",
      "name": "Poland pants",
      "iconUrl": "http://staticgs.sandboxol.com/sandbox/dresses/iconsclothes_pants.27.clothes_pants.1528191692587.27",
      "status": 0,
      "sex": 0,
      "tag": [],
      "resourceId": "clothes_pants.27",
      "details": "Poland pants",
      "price": 4000,
      "currency": 2,
      "expire": 0,
      "type": 0,
      "clanLevel": 0,
      "vip": 0,
      "occupyPosition": [
        12
      ],
      "hasPurchase": 0
    },
    {
      "id": 242,
      "typeId": 9,
      "camera": "bottom",
      "name": "germany football pants",
      "iconUrl": "http://staticgs.sandboxol.com/sandbox/dresses/iconsclothes_pants.23.clothes_pants.1528185191585.23",
      "status": 0,
      "sex": 0,
      "tag": [],
      "resourceId": "clothes_pants.23",
      "details": "germany football pants",
      "price": 4000,
      "currency": 2,
      "expire": 0,
      "type": 0,
      "clanLevel": 0,
      "vip": 0,
      "occupyPosition": [
        12
      ],
      "hasPurchase": 0
    },
    {
      "id": 260,
      "typeId": 9,
      "camera": "bottom",
      "name": "rich trousers pants",
      "iconUrl": "http://staticgs.sandboxol.com/sandbox/dresses/iconsclothes_pants.34.clothes_pants.1531284766986.34",
      "status": 0,
      "sex": 0,
      "tag": [],
      "resourceId": "clothes_pants.34",
      "details": "rich trousers pants",
      "price": 9999,
      "currency": 1,
      "expire": 0,
      "type": 0,
      "clanLevel": 0,
      "vip": 0,
      "occupyPosition": [
        12
      ],
      "hasPurchase": 0
    },
    {
      "id": 280,
      "typeId": 9,
      "camera": "bottom",
      "name": "Eskimo A pants",
      "iconUrl": "http://staticgs.sandboxol.com/sandbox/dresses/iconsclothes_pants.41.clothes_pants.1535534567715.41",
      "status": 0,
      "sex": 0,
      "tag": [],
      "resourceId": "clothes_pants.41",
      "details": "Eskimo A pants",
      "price": 4800,
      "currency": 2,
      "expire": 0,
      "type": 0,
      "clanLevel": 0,
      "vip": 0,
      "occupyPosition": [
        12
      ],
      "hasPurchase": 0
    },
    {
      "id": 278,
      "typeId": 9,
      "camera": "bottom",
      "name": "Eskimo B pants",
      "iconUrl": "http://staticgs.sandboxol.com/sandbox/dresses/iconsclothes_pants.42.clothes_pants.1535534628462.42",
      "status": 0,
      "sex": 0,
      "tag": [],
      "resourceId": "clothes_pants.42",
      "details": "Eskimo B pants",
      "price": 4800,
      "currency": 2,
      "expire": 0,
      "type": 0,
      "clanLevel": 0,
      "vip": 0,
      "occupyPosition": [
        12
      ],
      "hasPurchase": 0
    },
    {
      "id": 276,
      "typeId": 9,
      "camera": "bottom",
      "name": "Eskimo C pants",
      "iconUrl": "http://staticgs.sandboxol.com/sandbox/dresses/iconsclothes_pants.43.clothes_pants.1535534711945.43",
      "status": 0,
      "sex": 0,
      "tag": [],
      "resourceId": "clothes_pants.43",
      "details": "Eskimo C pants",
      "price": 4800,
      "currency": 2,
      "expire": 0,
      "type": 0,
      "clanLevel": 0,
      "vip": 0,
      "occupyPosition": [
        12
      ],
      "hasPurchase": 0
    },
    {
      "id": 647,
      "typeId": 9,
      "camera": "bottom",
      "name": "Mummy pants",
      "iconUrl": "http://staticgs.sandboxol.com/sandbox/dresses/iconsclothes_pants.79.clothes_pants.1571738037387.78",
      "status": 0,
      "sex": 0,
      "tag": [],
      "resourceId": "clothes_pants.79",
      "details": "Mummy pants",
      "price": 80,
      "currency": 1,
      "expire": 0,
      "type": 0,
      "clanLevel": 0,
      "vip": 0,
      "occupyPosition": [
        12
      ],
      "hasPurchase": 0
    },
    {
      "id": 284,
      "typeId": 9,
      "camera": "bottom",
      "name": "black track shorts pants",
      "iconUrl": "http://staticgs.sandboxol.com/sandbox/dresses/iconsclothes_pants.39.clothes_pants.1535534444266.39",
      "status": 0,
      "sex": 0,
      "tag": [],
      "resourceId": "clothes_pants.39",
      "details": "black track shorts pants",
      "price": 4800,
      "currency": 2,
      "expire": 0,
      "type": 0,
      "clanLevel": 0,
      "vip": 0,
      "occupyPosition": [
        12
      ],
      "hasPurchase": 1
    },
    {
      "id": 223,
      "typeId": 9,
      "camera": "bottom",
      "name": "Argentina pants",
      "iconUrl": "http://staticgs.sandboxol.com/sandbox/dresses/iconsclothes_pants.32.clothes_pants.1528201408574.32",
      "status": 0,
      "sex": 0,
      "tag": [],
      "resourceId": "clothes_pants.32",
      "details": "Argentina pants",
      "price": 4000,
      "currency": 2,
      "expire": 0,
      "type": 0,
      "clanLevel": 0,
      "vip": 0,
      "occupyPosition": [
        12
      ],
      "hasPurchase": 0
    },
    {
      "id": 238,
      "typeId": 9,
      "camera": "bottom",
      "name": "korean team pants",
      "iconUrl": "http://staticgs.sandboxol.com/sandbox/dresses/iconsclothes_pants.25.clothes_pants.1528191369925.25",
      "status": 0,
      "sex": 0,
      "tag": [],
      "resourceId": "clothes_pants.25",
      "details": "korean team pants",
      "price": 4000,
      "currency": 2,
      "expire": 0,
      "type": 0,
      "clanLevel": 0,
      "vip": 0,
      "occupyPosition": [
        12
      ],
      "hasPurchase": 0
    },
    {
      "id": 257,
      "typeId": 10,
      "camera": "bottom",
      "name": "world cup mascot shoes",
      "iconUrl": "http://staticgs.sandboxol.com/sandbox/dresses/iconscustom_shoes.17.custom_shoes.1528203049658.17",
      "status": 0,
      "sex": 0,
      "tag": [],
      "resourceId": "custom_shoes.17",
      "details": "world cup mascot shoes",
      "price": 4000,
      "currency": 2,
      "expire": 0,
      "type": 0,
      "clanLevel": 0,
      "vip": 0,
      "occupyPosition": [
        12
      ],
      "hasPurchase": 0
    },
    {
      "id": 287,
      "typeId": 10,
      "camera": "bottom",
      "name": "AJ shoes",
      "iconUrl": "http://staticgs.sandboxol.com/sandbox/dresses/iconscustom_shoes.8.custom_shoes.1516871188208.8",
      "status": 0,
      "sex": 0,
      "tag": [],
      "resourceId": "custom_shoes.8",
      "details": "AJ shoes",
      "price": 80,
      "currency": 1,
      "expire": 0,
      "type": 0,
      "clanLevel": 0,
      "vip": 0,
      "occupyPosition": [
        12
      ],
      "hasPurchase": 1
    },
    {
      "id": 361,
      "typeId": 10,
      "camera": "bottom",
      "name": "Pirate shoes",
      "iconUrl": "http://staticgs.sandboxol.com/sandbox/dresses/iconsiconscustom_shoes.1553169216802.21",
      "status": 0,
      "sex": 0,
      "tag": [],
      "resourceId": "custom_shoes.21",
      "details": "Pirate shoes",
      "price": 40,
      "currency": 1,
      "expire": 0,
      "type": 0,
      "clanLevel": 0,
      "vip": 0,
      "occupyPosition": [
        12
      ],
      "hasPurchase": 1
    },
    {
      "id": 362,
      "typeId": 10,
      "camera": "bottom",
      "name": "Rivet leather shoes",
      "iconUrl": "http://staticgs.sandboxol.com/sandbox/dresses/iconsiconscustom_shoes.1553169231181.22",
      "status": 0,
      "sex": 0,
      "tag": [],
      "resourceId": "custom_shoes.22",
      "details": "Rivet leather shoes",
      "price": 60,
      "currency": 1,
      "expire": 0,
      "type": 0,
      "clanLevel": 0,
      "vip": 0,
      "occupyPosition": [
        12
      ],
      "hasPurchase": 1
    },
    {
      "id": 441,
      "typeId": 10,
      "camera": "bottom",
      "name": "Rich shoes",
      "iconUrl": "http://staticgs.sandboxol.com/sandbox/dresses/iconsiconscustom_shoes.1560407858697.28",
      "status": 0,
      "sex": 0,
      "tag": [],
      "resourceId": "custom_shoes.28",
      "details": "Rich shoes",
      "price": 9999,
      "currency": 1,
      "expire": 0,
      "type": 0,
      "clanLevel": 0,
      "vip": 0,
      "occupyPosition": [
        12
      ],
      "hasPurchase": 1
    },
    {
      "id": 648,
      "typeId": 10,
      "camera": "bottom",
      "name": "Mummy-foot shoes",
      "iconUrl": "http://staticgs.sandboxol.com/sandbox/dresses/iconscustom_shoes.45.custom_shoes.1571738074185.43",
      "status": 0,
      "sex": 0,
      "tag": [],
      "resourceId": "custom_shoes.45",
      "details": "Mummy-foot shoes",
      "price": 60,
      "currency": 1,
      "expire": 0,
      "type": 0,
      "clanLevel": 0,
      "vip": 0,
      "occupyPosition": [
        12
      ],
      "hasPurchase": 0
    },
    {
      "id": 36,
      "typeId": 10,
      "camera": "bottom",
      "name": "Black sneakers shoes",
      "iconUrl": "http://staticgs.sandboxol.com/sandbox/dresses/iconscustom_shoes.7.custom_shoes.1514549389737.7",
      "status": 0,
      "sex": 0,
      "tag": [],
      "resourceId": "custom_shoes.7",
      "details": "Black sneakers shoes",
      "price": 2000,
      "currency": 2,
      "expire": 0,
      "type": 0,
      "clanLevel": 0,
      "vip": 0,
      "occupyPosition": [
        12
      ],
      "hasPurchase": 1
    },
    {
      "id": 37,
      "typeId": 10,
      "camera": "bottom",
      "name": "Brown leather shoes",
      "iconUrl": "http://staticgs.sandboxol.com/sandbox/dresses/iconscustom_shoes.6.custom_shoes.1514549375227.6",
      "status": 0,
      "sex": 0,
      "tag": [],
      "resourceId": "custom_shoes.6",
      "details": "Brown leather shoes",
      "price": 60,
      "currency": 1,
      "expire": 0,
      "type": 0,
      "clanLevel": 0,
      "vip": 0,
      "occupyPosition": [
        12
      ],
      "hasPurchase": 0
    },
    {
      "id": 249,
      "typeId": 10,
      "camera": "bottom",
      "name": "world cup 3 shoes",
      "iconUrl": "http://staticgs.sandboxol.com/sandbox/dresses/iconscustom_shoes.16.custom_shoes.1528202953456.16",
      "status": 0,
      "sex": 0,
      "tag": [],
      "resourceId": "custom_shoes.16",
      "details": "world cup 3 shoes",
      "price": 3000,
      "currency": 2,
      "expire": 0,
      "type": 0,
      "clanLevel": 0,
      "vip": 0,
      "occupyPosition": [
        12
      ],
      "hasPurchase": 0
    },
    {
      "id": 250,
      "typeId": 10,
      "camera": "bottom",
      "name": "World Cup 2 shoes",
      "iconUrl": "http://staticgs.sandboxol.com/sandbox/dresses/iconscustom_shoes.15.custom_shoes.1528202879785.15",
      "status": 0,
      "sex": 0,
      "tag": [],
      "resourceId": "custom_shoes.15",
      "details": "World Cup 2 shoes",
      "price": 3000,
      "currency": 2,
      "expire": 0,
      "type": 0,
      "clanLevel": 0,
      "vip": 0,
      "occupyPosition": [
        12
      ],
      "hasPurchase": 0
    },
    {
      "id": 728,
      "typeId": 8,
      "camera": "top",
      "name": "Mechanic Top",
      "iconUrl": "http://staticgs.sandboxol.com/sandbox/dresses/iconsiconscustom_shoes.1577430451093.50",
      "status": 0,
      "sex": 0,
      "tag": [],
      "resourceId": "custom_shoes.50",
      "details": "Mechanic Top",
      "expire": 0,
      "type": 0,
      "clanLevel": 0,
      "vip": 0,
      "occupyPosition": [
        12
      ],
      "isFree": 1
    },
    {
      "id": 251,
      "typeId": 10,
      "camera": "bottom",
      "name": "soccer 1 shoes",
      "iconUrl": "http://staticgs.sandboxol.com/sandbox/dresses/iconscustom_shoes.14.custom_shoes.1528187662007.14",
      "status": 0,
      "sex": 0,
      "tag": [],
      "resourceId": "custom_shoes.14",
      "details": "soccer 1 shoes",
      "price": 3000,
      "currency": 2,
      "expire": 0,
      "type": 0,
      "clanLevel": 0,
      "vip": 0,
      "occupyPosition": [
        12
      ],
      "hasPurchase": 0
    }
]
