[
  {
    "id": 400001,
    "typeId": 4,
    "iconUrl": "/config/decoration/icons/face/400001.png",
    "sex": 1,
    "resourceId": "custom_face.2",
    "price": 0,
    "currency": 0,
    "quantity": 0,
    "clanLevel": 0,
    "isNew": 0
  },
  {
    "id": 400002,
    "typeId": 4,
    "iconUrl": "/config/decoration/icons/face/400002.png",
    "sex": 1,
    "resourceId": "custom_face.3",
    "price": 0,
    "currency": 0,
    "quantity": 0,
    "clanLevel": 0,
    "isNew": 0
  },
  {
    "id": 400003,
    "typeId": 4,
    "iconUrl": "/config/decoration/icons/face/400003.png",
    "sex": 1,
    "resourceId": "custom_face.4",
    "price": 0,
    "currency": 0,
    "quantity": 0,
    "clanLevel": 0,
    "isNew": 0
  },
  {
    "id": 400004,
    "typeId": 4,
    "iconUrl": "/config/decoration/icons/face/400004.png",
    "sex": 2,
    "resourceId": "custom_face.2",
    "price": 0,
    "currency": 0,
    "quantity": 0,
    "clanLevel": 0,
    "isNew": 0
  },
  {
    "id": 400005,
    "typeId": 4,
    "iconUrl": "/config/decoration/icons/face/400005.png",
    "sex": 2,
    "resourceId": "custom_face.3",
    "price": 0,
    "currency": 0,
    "quantity": 0,
    "clanLevel": 0,
    "isNew": 0
  },
  {
    "id": 400006,
    "typeId": 4,
    "iconUrl": "/config/decoration/icons/face/400006.png",
    "sex": 2,
    "resourceId": "custom_face.4",
    "price": 0,
    "currency": 0,
    "quantity": 0,
    "clanLevel": 0,
    "isNew": 0
  },
  {
    "id": 400007,
    "typeId": 4,
    "iconUrl": "/config/decoration/icons/face/400007.png",
    "sex": 2,
    "resourceId": "custom_face.11",
    "price": 50,
    "currency": 1,
    "quantity": 0,
    "clanLevel": 0,
    "isNew": 1
  },
  {
    "id": 400008,
    "typeId": 4,
    "iconUrl": "/config/decoration/icons/face/400008.png",
    "sex": 2,
    "resourceId": "custom_face.10",
    "price": 50,
    "currency": 1,
    "quantity": 0,
    "clanLevel": 0,
    "isNew": 1
  },
  {
    "id": 400009,
    "typeId": 4,
    "iconUrl": "/config/decoration/icons/face/400009.png",
    "sex": 2,
    "resourceId": "custom_face.9",
    "price": 50,
    "currency": 1,
    "quantity": 0,
    "clanLevel": 0,
    "isNew": 1
  },
  {
    "id": 400010,
    "typeId": 4,
    "iconUrl": "/config/decoration/icons/face/400010.png",
    "sex": 2,
    "resourceId": "custom_face.8",
    "price": 50,
    "currency": 1,
    "quantity": 0,
    "clanLevel": 0,
    "isNew": 1
  },
  {
    "id": 400011,
    "typeId": 4,
    "iconUrl": "/config/decoration/icons/face/400011.png",
    "sex": 2,
    "resourceId": "custom_face.7",
    "price": 50,
    "currency": 1,
    "quantity": 0,
    "clanLevel": 0,
    "isNew": 1
  },
  {
    "id": 400012,
    "typeId": 4,
    "iconUrl": "/config/decoration/icons/face/400012.png",
    "sex": 2,
    "resourceId": "custom_face.6",
    "price": 50,
    "currency": 1,
    "quantity": 0,
    "clanLevel": 0,
    "isNew": 1
  },
  {
    "id": 400013,
    "typeId": 4,
    "iconUrl": "/config/decoration/icons/face/400013.png",
    "sex": 2,
    "resourceId": "custom_face.5",
    "price": 50,
    "currency": 1,
    "quantity": 0,
    "clanLevel": 0,
    "isNew": 1
  },
  {
    "id": 400014,
    "typeId": 4,
    "iconUrl": "/config/decoration/icons/face/400014.png",
    "sex": 1,
    "resourceId": "custom_face.11",
    "price": 2000,
    "currency": 2,
    "quantity": 0,
    "clanLevel": 0,
    "isNew": 1
  },
  {
    "id": 400015,
    "typeId": 4,
    "iconUrl": "/config/decoration/icons/face/400015.png",
    "sex": 1,
    "resourceId": "custom_face.10",
    "price": 50,
    "currency": 1,
    "quantity": 0,
    "clanLevel": 0,
    "isNew": 1
  },
  {
    "id": 400016,
    "typeId": 4,
    "iconUrl": "/config/decoration/icons/face/400016.png",
    "sex": 1,
    "resourceId": "custom_face.9",
    "price": 50,
    "currency": 1,
    "quantity": 0,
    "clanLevel": 0,
    "isNew": 1
  },
  {
    "id": 400017,
    "typeId": 4,
    "iconUrl": "/config/decoration/icons/face/400017.png",
    "sex": 1,
    "resourceId": "custom_face.8",
    "price": 50,
    "currency": 1,
    "quantity": 0,
    "clanLevel": 0,
    "isNew": 1
  },
  {
    "id": 400018,
    "typeId": 4,
    "iconUrl": "/config/decoration/icons/face/400018.png",
    "sex": 1,
    "resourceId": "custom_face.7",
    "price": 50,
    "currency": 1,
    "quantity": 0,
    "clanLevel": 0,
    "isNew": 1
  },
  {
    "id": 400019,
    "typeId": 4,
    "iconUrl": "/config/decoration/icons/face/400019.png",
    "sex": 1,
    "resourceId": "custom_face.6",
    "price": 50,
    "currency": 1,
    "quantity": 0,
    "clanLevel": 0,
    "isNew": 1
  },
  {
    "id": 400020,
    "typeId": 4,
    "iconUrl": "/config/decoration/icons/face/400020.png",
    "sex": 1,
    "resourceId": "custom_face.5",
    "price": 50,
    "currency": 1,
    "quantity": 0,
    "clanLevel": 0,
    "isNew": 1
  }
]
