[
    {
      "id": 380,
      "typeId": 5,
      "camera": "whole",
      "name": "to wave emote",
      "iconUrl": "http://staticgs.sandboxol.com/sandbox/dresses/iconsiconsselectable_action.1554265388475.1",
      "status": 0,
      "sex": 0,
      "tag": [],
      "resourceId": "selectable_action.1",
      "details": "to wave emote",
      "expire": 0,
      "type": 0,
      "clanLevel": 0,
      "vip": 0,
      "occupyPosition": [
        12
      ],
      "isFree": 1
    },
    {
      "id": 382,
      "typeId": 5,
      "camera": "whole",
      "name": "scratching head emote",
      "iconUrl": "http://staticgs.sandboxol.com/sandbox/dresses/iconsiconsselectable_action.1554266941065.2",
      "status": 0,
      "sex": 0,
      "tag": [],
      "resourceId": "selectable_action.2",
      "details": "scratching head emote",
      "expire": 0,
      "type": 0,
      "clanLevel": 0,
      "vip": 0,
      "occupyPosition": [
        12
      ],
      "isFree": 1
    },
    {
      "id": 383,
      "typeId": 5,
      "camera": "whole",
      "name": "cry emote",
      "iconUrl": "http://staticgs.sandboxol.com/sandbox/dresses/iconsiconsselectable_action.1554266944088.3",
      "status": 0,
      "sex": 0,
      "tag": [],
      "resourceId": "selectable_action.3",
      "details": "cry emote",
      "expire": 0,
      "type": 0,
      "clanLevel": 0,
      "vip": 0,
      "occupyPosition": [
        12
      ],
      "isFree": 1
    },
    {
      "id": 384,
      "typeId": 5,
      "camera": "whole",
      "name": "laughing out loud emote",
      "iconUrl": "http://staticgs.sandboxol.com/sandbox/dresses/iconsiconsselectable_action.1554266945960.4",
      "status": 0,
      "sex": 0,
      "tag": [],
      "resourceId": "selectable_action.4",
      "details": "laughing out loud emote",
      "expire": 0,
      "type": 0,
      "clanLevel": 0,
      "vip": 0,
      "occupyPosition": [
        12
      ],
      "isFree": 1
    },
    {
      "id": 385,
      "typeId": 5,
      "camera": "whole",
      "name": "show muscles emote",
      "iconUrl": "http://staticgs.sandboxol.com/sandbox/dresses/iconsiconsselectable_action.1554266947897.5",
      "status": 0,
      "sex": 0,
      "tag": [],
      "resourceId": "selectable_action.5",
      "details": "show muscles emote",
      "expire": 0,
      "type": 0,
      "clanLevel": 0,
      "vip": 0,
      "occupyPosition": [
        12
      ],
      "isFree": 1
    },
    {
      "id": 386,
      "typeId": 5,
      "camera": "whole",
      "name": "like emote",
      "iconUrl": "http://staticgs.sandboxol.com/sandbox/dresses/iconsiconsselectable_action.1554266949975.6",
      "status": 0,
      "sex": 0,
      "tag": [],
      "resourceId": "selectable_action.6",
      "details": "like emote",
      "expire": 0,
      "type": 0,
      "clanLevel": 0,
      "vip": 0,
      "occupyPosition": [
        12
      ],
      "isFree": 1
    },
    {
      "id": 387,
      "typeId": 5,
      "camera": "whole",
      "name": "Indicates a headache emote",
      "iconUrl": "http://staticgs.sandboxol.com/sandbox/dresses/iconsiconsselectable_action.1554266951507.7",
      "status": 0,
      "sex": 0,
      "tag": [],
      "resourceId": "selectable_action.7",
      "details": "Indicates a headache emote",
      "expire": 0,
      "type": 0,
      "clanLevel": 0,
      "vip": 0,
      "occupyPosition": [
        12
      ],
      "isFree": 1
    },
    {
      "id": 388,
      "typeId": 5,
      "camera": "whole",
      "name": "waving hand emote",
      "iconUrl": "http://staticgs.sandboxol.com/sandbox/dresses/iconsiconsselectable_action.1554266952935.8",
      "status": 0,
      "sex": 0,
      "tag": [],
      "resourceId": "selectable_action.8",
      "details": "waving hand emote",
      "expire": 0,
      "type": 0,
      "clanLevel": 0,
      "vip": 0,
      "occupyPosition": [
        12
      ],
      "isFree": 1
    },
    {
      "id": 389,
      "typeId": 5,
      "camera": "whole",
      "name": "stomp emote",
      "iconUrl": "http://staticgs.sandboxol.com/sandbox/dresses/iconsiconsselectable_action.1554266954470.9",
      "status": 0,
      "sex": 0,
      "tag": [],
      "resourceId": "selectable_action.9",
      "details": "stomp emote",
      "expire": 0,
      "type": 0,
      "clanLevel": 0,
      "vip": 0,
      "occupyPosition": [
        12
      ],
      "isFree": 1
    },
    {
      "id": 390,
      "typeId": 5,
      "camera": "whole",
      "name": "nod emote",
      "iconUrl": "http://staticgs.sandboxol.com/sandbox/dresses/iconsiconsselectable_action.1554266956625.10",
      "status": 0,
      "sex": 0,
      "tag": [],
      "resourceId": "selectable_action.10",
      "details": "nod emote",
      "expire": 0,
      "type": 0,
      "clanLevel": 0,
      "vip": 0,
      "occupyPosition": [
        12
      ],
      "isFree": 1
    },
    {
      "id": 392,
      "typeId": 5,
      "camera": "whole",
      "name": "Wiggle dance emote",
      "iconUrl": "https://static-magicmods.vercel.app/image/emote14.png",
      "status": 0,
      "sex": 0,
      "tag": [],
      "resourceId": "selectable_action.12",
      "details": "Wiggle dance emote",
      "price": 99,
      "currency": 1,
      "expire": 0,
      "type": 0,
      "clanLevel": 0,
      "vip": 0,
      "occupyPosition": [
        12
      ],
      "hasPurchase": 1
    },
    {
      "id": 393,
      "typeId": 5,
      "camera": "whole",
      "name": "Boneless dance emote",
      "iconUrl": "https://static-magicmods.vercel.app/image/emote15.png",
      "status": 0,
      "sex": 0,
      "tag": [],
      "resourceId": "selectable_action.13",
      "details": "Boneless dance emote",
      "price": 99,
      "currency": 1,
      "expire": 0,
      "type": 0,
      "clanLevel": 0,
      "vip": 0,
      "occupyPosition": [
        12
      ],
      "hasPurchase": 1
    },
    {
      "id": 394,
      "typeId": 5,
      "camera": "whole",
      "name": "Flash mob emote",
      "iconUrl": "https://static-magicmods.vercel.app/image/emote16.png",
      "status": 0,
      "sex": 0,
      "tag": [],
      "resourceId": "selectable_action.14",
      "details": "Flash mob emote",
      "price": 99,
      "currency": 1,
      "expire": 0,
      "type": 0,
      "clanLevel": 0,
      "vip": 0,
      "occupyPosition": [
        12
      ],
      "hasPurchase": 1
    },
    {
      "id": 396,
      "typeId": 5,
      "camera": "whole",
      "name": "Precision dance emote",
      "iconUrl": "https://static-magicmods.vercel.app/image/emote18.png",
      "status": 0,
      "sex": 0,
      "tag": [],
      "resourceId": "selectable_action.16",
      "details": "Precision dance emote",
      "price": 99,
      "currency": 1,
      "expire": 0,
      "type": 0,
      "clanLevel": 0,
      "vip": 0,
      "occupyPosition": [
        12
      ],
      "hasPurchase": 1
    },
    {
      "id": 397,
      "typeId": 5,
      "camera": "whole",
      "name": "Wave dance emote",
      "iconUrl": "https://static-magicmods.vercel.app/image/emote19.png",
      "status": 0,
      "sex": 0,
      "tag": [],
      "resourceId": "selectable_action.17",
      "details": "Wave dance emote",
      "price": 99,
      "currency": 1,
      "expire": 0,
      "type": 0,
      "clanLevel": 0,
      "vip": 0,
      "occupyPosition": [
        12
      ],
      "hasPurchase": 1
    }
        ]
