[
    {
      "id": 990,
      "typeId": 7,
      "camera": "whole",
      "name": "Christmas Background",
      "iconUrl": "https://cdn.discordapp.com/emojis/1294618050334818315.png?v=1",
      "status": 0,
      "sex": 0,
      "tag": [],
      "resourceId": "decorate_default_bg.11",
      "details": "Christmas Event",
      "price": 999,
      "currency": 1,
      "expire": 0,
      "type": 0,
      "clanLevel": 0,
      "vip": 0,
      "occupyPosition": [
        12
      ],
      "hasPurchase": 1
    },
    {
      "id": 991,
      "typeId": 7,
      "camera": "whole",
      "name": "Moon",
      "iconUrl": "https://cdn.discordapp.com/emojis/1294622161805512788.png?v=1",
      "status": 0,
      "sex": 0,
      "tag": [],
      "resourceId": "decorate_default_bg.12",
      "details": "Moon background",
      "price": 999,
      "currency": 1,
      "expire": 0,
      "type": 0,
      "clanLevel": 0,
      "vip": 0,
      "occupyPosition": [
        12
      ],
      "hasPurchase": 1
    },
    {
      "id": 993,
      "typeId": 7,
      "camera": "whole",
      "name": "Happy 2020 view",
      "iconUrl": "https://cdn.discordapp.com/emojis/1294613934447263797.png?v=1",
      "status": 0,
      "sex": 0,
      "tag": [],
      "resourceId": "decorate_default_bg.10",
      "details": "Happy 2020 view",
      "price": 999,
      "currency": 1,
      "expire": 0,
      "type": 0,
      "clanLevel": 0,
      "vip": 0,
      "occupyPosition": [
        12
      ],
      "hasPurchase": 1
    },
    {
      "id": 9997,
      "typeId": 7,
      "camera": "whole",
      "name": "Happy 2019 view",
      "iconUrl": "https://cdn.discordapp.com/emojis/1294630251745382440.png?v=1",
      "status": 0,
      "sex": 0,
      "tag": [],
      "resourceId": "decorate_default_bg.5",
      "details": "Happy 2019 view",
      "price": 999,
      "currency": 1,
      "expire": 0,
      "type": 0,
      "clanLevel": 0,
      "vip": 0,
      "occupyPosition": [
        12
      ],
      "hasPurchase": 1
    },
    {
        "id": 700675,
        "typeId": 7,
        "camera": "whole",
        "name": "Christmas Background V2",
        "iconUrl": "https://cdn.discordapp.com/emojis/1294650042820595712.png?v=1",
       "details": "Christmas Background V2",
        "sex": 0,
        "resourceId": "decorate_default_bg.9",
        "price": 8000,
        "currency": 2
    },
    {
        "id": 700004,
        "typeId": 7,
        "camera": "whole",
        "name": "Sunny beach background",
        "iconUrl": "https://cdn.discordapp.com/emojis/1294614850915274782.png?v=1",
       "details": "Sunny beach background",
        "sex": 0,
        "resourceId": "decorate_default_bg.6",
        "price": 8000,
        "currency": 2
    },
      {
        "id": 700674,
        "typeId": 7,
        "camera": "whole",
        "name": "Magic GO",
        "iconUrl": "https://cdn.discordapp.com/emojis/1294636186060455997.png?v=1 ",
       "details": "Sunny beach background",
        "sex": 0,
        "resourceId": "decorate_default_bg.13",
        "price": 8000,
        "currency": 2
    },
    {
        "id": 700675,
        "typeId": 7,
        "camera": "whole",
        "name": "Chirtsmaxdsj",
        "iconUrl": "https://cdn.discordapp.com/attachments/1310921372712697877/1317215639412150302/maxresdefault.jpg?ex=675de029&is=675c8ea9&hm=91b71669be54949dfc9d63177b0171b513c3f9b2cfd8f0a3feea5a9715fe0f2a& ",
       "details": "Sunny beach background",
        "sex": 0,
        "resourceId": "decorate_default_bg.14",
        "price": 8000,
        "currency": 2
    },
       {
           
        "id": 700009,
        "typeId": 7,
        "camera": "whole",
        "name": "cubes",
        "iconUrl": "https://cdn.discordapp.com/emojis/1294614989000413185.png?v=1",
       "details": "Cubes",
        "sex": 0,
        "resourceId": "decorate_default_bg.7",
        "price": 8000,
        "currency": 2
    }
      
]
