[{"id":700001,"typeId":7,"iconUrl":"{base}/background/700001.png","sex":0,"resourceId":"decorate_default_bg.4","price":999,"currency":1,"quantity":0,"clanLevel":0,"isNew":1},{"id":700002,"typeId":7,"iconUrl":"{base}/background/700002.png","sex":0,"resourceId":"decorate_default_bg.5","price":999,"currency":1,"quantity":0,"clanLevel":0,"isNew":1},{"id":700003,"typeId":7,"iconUrl":"{base}/background/700003.png","sex":0,"resourceId":"decorate_default_bg.7","price":999,"currency":1,"quantity":0,"clanLevel":0,"isNew":1},{"id":700004,"typeId":7,"iconUrl":"{base}/background/700004.png","sex":0,"resourceId":"decorate_default_bg.6","price":8000,"currency":2,"quantity":0,"clanLevel":0,"isNew":1},{"id":700005,"typeId":7,"iconUrl":"{base}/background/700005.png","sex":0,"resourceId":"decorate_default_bg.8","price":0,"currency":2,"quantity":0,"clanLevel":0,"isNew":1},{"id":700006,"typeId":7,"iconUrl":"{base}/background/700006.png","sex":0,"resourceId":"decorate_default_bg.11","price":999,"currency":1,"quantity":0,"clanLevel":0,"isNew":1},{"id":700007,"typeId":7,"iconUrl":"{base}/background/700007.png","sex":0,"resourceId":"decorate_default_bg.10","price":999,"currency":1,"quantity":0,"clanLevel":0,"isNew":1},{"id":700008,"typeId":7,"iconUrl":"{base}/background/700008.png","sex":0,"resourceId":"decorate_default_bg.12","price":0,"currency":1,"quantity":0,"clanLevel":0,"isNew":1},{"id":700009,"typeId":7,"iconUrl":"{base}/background/700009.png","sex":0,"resourceId":"decorate_default_bg.14","price":0,"currency":1,"quantity":0,"clanLevel":0,"isNew":1},{"id":700010,"typeId":7,"iconUrl":"{base}/background/700010.png","sex":0,"resourceId":"decorate_default_bg.13","price":0,"currency":1,"quantity":0,"clanLevel":0,"isNew":1},{"id":700011,"typeId":7,"iconUrl":"{base}/background/700011.png","sex":0,"resourceId":"decorate_default_bg.15","price":1111,"currency":1,"quantity":0,"clanLevel":0,"isNew":1},{"id":700012,"typeId":7,"iconUrl":"{base}/background/700012.png","sex":0,"resourceId":"decorate_default_bg.18","price":0,"currency":1,"quantity":0,"clanLevel":0,"isNew":1},{"id":700013,"typeId":7,"iconUrl":"{base}/background/700013.png","sex":0,"resourceId":"decorate_default_bg.16","price":1111,"currency":1,"quantity":0,"clanLevel":0,"isNew":1},{"id":700014,"typeId":7,"iconUrl":"{base}/background/700014.png","sex":0,"resourceId":"decorate_default_bg.17","price":1111,"currency":1,"quantity":0,"clanLevel":0,"isNew":1},{"id":700015,"typeId":7,"iconUrl":"{base}/background/700015.png","sex":0,"resourceId":"decorate_default_bg.19","price":0,"currency":1,"quantity":0,"clanLevel":0,"isNew":1}]