[{"id":1500001,"typeId":15,"iconUrl":"{base}/crown/1500001.png","sex":0,"resourceId":"custom_crown.4","price":9999,"currency":1,"quantity":0,"clanLevel":0,"isNew":1},{"id":1500002,"typeId":15,"iconUrl":"{base}/crown/1500002.png","sex":0,"resourceId":"custom_crown.5","price":999,"currency":1,"quantity":0,"clanLevel":0,"isNew":1},{"id":1500003,"typeId":15,"iconUrl":"{base}/crown/1500003.png","sex":0,"resourceId":"custom_crown.6","price":9999,"currency":1,"quantity":0,"clanLevel":0,"isNew":1},{"id":1500004,"typeId":15,"iconUrl":"{base}/crown/1500004.png","sex":1,"resourceId":"custom_crown.7","price":60,"currency":1,"quantity":0,"clanLevel":0,"isNew":1},{"id":1500005,"typeId":15,"iconUrl":"{base}/crown/1500005.png","sex":2,"resourceId":"custom_crown.7","price":60,"currency":1,"quantity":0,"clanLevel":0,"isNew":1},{"id":1500006,"typeId":15,"iconUrl":"{base}/crown/1500006.png","sex":2,"resourceId":"custom_crown.8","price":60,"currency":1,"quantity":0,"clanLevel":0,"isNew":1},{"id":1500007,"typeId":15,"iconUrl":"{base}/crown/1500007.png","sex":1,"resourceId":"custom_crown.8","price":60,"currency":1,"quantity":0,"clanLevel":0,"isNew":1},{"id":1500008,"typeId":15,"iconUrl":"{base}/crown/1500008.png","sex":2,"resourceId":"custom_crown.9","price":60,"currency":1,"quantity":0,"clanLevel":0,"isNew":1},{"id":1500009,"typeId":15,"iconUrl":"{base}/crown/1500009.png","sex":1,"resourceId":"custom_crown.9","price":60,"currency":1,"quantity":0,"clanLevel":0,"isNew":1},{"id":1500010,"typeId":15,"iconUrl":"{base}/crown/1500010.png","sex":2,"resourceId":"custom_crown.12","price":0,"currency":1,"quantity":0,"clanLevel":0,"isNew":1},{"id":1500011,"typeId":15,"iconUrl":"{base}/crown/1500011.png","sex":1,"resourceId":"custom_crown.12","price":0,"currency":1,"quantity":0,"clanLevel":0,"isNew":1},{"id":1500012,"typeId":15,"iconUrl":"{base}/crown/1500012.png","sex":1,"resourceId":"custom_crown.11","price":130,"currency":1,"quantity":0,"clanLevel":0,"isNew":1},{"id":1500013,"typeId":15,"iconUrl":"{base}/crown/1500013.png","sex":2,"resourceId":"custom_crown.11","price":130,"currency":1,"quantity":0,"clanLevel":0,"isNew":1},{"id":1500014,"typeId":15,"iconUrl":"{base}/crown/1500014.png","sex":1,"resourceId":"custom_crown.13","price":0,"currency":1,"quantity":0,"clanLevel":0,"isNew":1},{"id":1500015,"typeId":15,"iconUrl":"{base}/crown/1500015.png","sex":2,"resourceId":"custom_crown.13","price":0,"currency":1,"quantity":0,"clanLevel":0,"isNew":1},{"id":1500016,"typeId":15,"iconUrl":"{base}/crown/1500016.png","sex":1,"resourceId":"custom_crown.14","price":130,"currency":1,"quantity":0,"clanLevel":0,"isNew":1},{"id":1500017,"typeId":15,"iconUrl":"{base}/crown/1500017.png","sex":2,"resourceId":"custom_crown.14","price":130,"currency":1,"quantity":0,"clanLevel":0,"isNew":1},{"id":1500018,"typeId":15,"iconUrl":"{base}/crown/1500018.png","sex":1,"resourceId":"custom_crown.15","price":130,"currency":1,"quantity":0,"clanLevel":0,"isNew":1},{"id":1500019,"typeId":15,"iconUrl":"{base}/crown/1500019.png","sex":2,"resourceId":"custom_crown.15","price":130,"currency":1,"quantity":0,"clanLevel":0,"isNew":1},{"id":1500020,"typeId":15,"iconUrl":"{base}/crown/1500020.png","sex":1,"resourceId":"custom_crown.16","price":130,"currency":1,"quantity":0,"clanLevel":0,"isNew":1},{"id":1500021,"typeId":15,"iconUrl":"{base}/crown/1500021.png","sex":2,"resourceId":"custom_crown.16","price":130,"currency":1,"quantity":0,"clanLevel":0,"isNew":1},{"id":1500022,"typeId":15,"iconUrl":"{base}/crown/1500022.png","sex":1,"resourceId":"custom_crown.20","price":0,"currency":1,"quantity":0,"clanLevel":0,"isNew":1},{"id":1500023,"typeId":15,"iconUrl":"{base}/crown/1500023.png","sex":2,"resourceId":"custom_crown.20","price":0,"currency":1,"quantity":0,"clanLevel":0,"isNew":1},{"id":1500024,"typeId":15,"iconUrl":"{base}/crown/1500024.png","sex":0,"resourceId":"custom_crown.21","price":0,"currency":1,"quantity":0,"clanLevel":0,"isNew":1},{"id":1500025,"typeId":15,"iconUrl":"{base}/crown/1500025.png","sex":0,"resourceId":"custom_crown.17","price":0,"currency":1,"quantity":0,"clanLevel":0,"isNew":1},{"id":1500026,"typeId":15,"iconUrl":"{base}/crown/1500026.png","sex":0,"resourceId":"custom_crown.18","price":0,"currency":1,"quantity":0,"clanLevel":0,"isNew":1},{"id":1500027,"typeId":15,"iconUrl":"{base}/crown/1500027.png","sex":0,"resourceId":"custom_crown.19","price":0,"currency":1,"quantity":0,"clanLevel":0,"isNew":1},{"id":1500028,"typeId":15,"iconUrl":"{base}/crown/1500028.png","sex":0,"resourceId":"custom_crown.22","price":0,"currency":1,"quantity":0,"clanLevel":0,"isNew":1},{"id":1500029,"typeId":15,"iconUrl":"{base}/crown/1500029.png","sex":2,"resourceId":"custom_crown.24","price":1111,"currency":1,"quantity":0,"clanLevel":0,"isNew":1},{"id":1500030,"typeId":15,"iconUrl":"{base}/crown/1500030.png","sex":0,"resourceId":"custom_crown.23","price":0,"currency":1,"quantity":0,"clanLevel":0,"isNew":1},{"id":1500031,"typeId":15,"iconUrl":"{base}/crown/1500031.png","sex":1,"resourceId":"custom_crown.24","price":1111,"currency":1,"quantity":0,"clanLevel":0,"isNew":1}]