[{"id":400001,"typeId":4,"iconUrl":"../config/icons/face/400001.png","sex":1,"resourceId":"custom_face.2","price":0,"currency":0,"quantity":0,"clanLevel":0,"isNew":0},{"id":400002,"typeId":4,"iconUrl":"{base}/face/400002.png","sex":1,"resourceId":"custom_face.3","price":0,"currency":0,"quantity":0,"clanLevel":0,"isNew":0},{"id":400003,"typeId":4,"iconUrl":"{base}/face/400003.png","sex":1,"resourceId":"custom_face.4","price":0,"currency":0,"quantity":0,"clanLevel":0,"isNew":0},{"id":400004,"typeId":4,"iconUrl":"{base}/face/400004.png","sex":2,"resourceId":"custom_face.2","price":0,"currency":0,"quantity":0,"clanLevel":0,"isNew":0},{"id":400005,"typeId":4,"iconUrl":"{base}/face/400005.png","sex":2,"resourceId":"custom_face.3","price":0,"currency":0,"quantity":0,"clanLevel":0,"isNew":0},{"id":400006,"typeId":4,"iconUrl":"{base}/face/400006.png","sex":2,"resourceId":"custom_face.4","price":0,"currency":0,"quantity":0,"clanLevel":0,"isNew":0},{"id":400007,"typeId":4,"iconUrl":"{base}/face/400007.png","sex":2,"resourceId":"custom_face.11","price":50,"currency":1,"quantity":0,"clanLevel":0,"isNew":1},{"id":400008,"typeId":4,"iconUrl":"{base}/face/400008.png","sex":2,"resourceId":"custom_face.10","price":50,"currency":1,"quantity":0,"clanLevel":0,"isNew":1},{"id":400009,"typeId":4,"iconUrl":"{base}/face/400009.png","sex":2,"resourceId":"custom_face.9","price":50,"currency":1,"quantity":0,"clanLevel":0,"isNew":1},{"id":400010,"typeId":4,"iconUrl":"{base}/face/400010.png","sex":2,"resourceId":"custom_face.8","price":50,"currency":1,"quantity":0,"clanLevel":0,"isNew":1},{"id":400011,"typeId":4,"iconUrl":"{base}/face/400011.png","sex":2,"resourceId":"custom_face.7","price":50,"currency":1,"quantity":0,"clanLevel":0,"isNew":1},{"id":400012,"typeId":4,"iconUrl":"{base}/face/400012.png","sex":2,"resourceId":"custom_face.6","price":50,"currency":1,"quantity":0,"clanLevel":0,"isNew":1},{"id":400013,"typeId":4,"iconUrl":"{base}/face/400013.png","sex":2,"resourceId":"custom_face.5","price":50,"currency":1,"quantity":0,"clanLevel":0,"isNew":1},{"id":400014,"typeId":4,"iconUrl":"{base}/face/400014.png","sex":1,"resourceId":"custom_face.11","price":2000,"currency":2,"quantity":0,"clanLevel":0,"isNew":1},{"id":400015,"typeId":4,"iconUrl":"{base}/face/400015.png","sex":1,"resourceId":"custom_face.10","price":50,"currency":1,"quantity":0,"clanLevel":0,"isNew":1},{"id":400016,"typeId":4,"iconUrl":"{base}/face/400016.png","sex":1,"resourceId":"custom_face.9","price":50,"currency":1,"quantity":0,"clanLevel":0,"isNew":1},{"id":400017,"typeId":4,"iconUrl":"{base}/face/400017.png","sex":1,"resourceId":"custom_face.8","price":50,"currency":1,"quantity":0,"clanLevel":0,"isNew":1},{"id":400018,"typeId":4,"iconUrl":"{base}/face/400018.png","sex":1,"resourceId":"custom_face.7","price":50,"currency":1,"quantity":0,"clanLevel":0,"isNew":1},{"id":400019,"typeId":4,"iconUrl":"{base}/face/400019.png","sex":1,"resourceId":"custom_face.6","price":50,"currency":1,"quantity":0,"clanLevel":0,"isNew":1},{"id":400020,"typeId":4,"iconUrl":"{base}/face/400020.png","sex":1,"resourceId":"custom_face.5","price":50,"currency":1,"quantity":0,"clanLevel":0,"isNew":1},{"id":400021,"typeId":4,"iconUrl":"{base}/face/400021.png","sex":1,"resourceId":"custom_face.14","price":50,"currency":1,"quantity":0,"clanLevel":0,"isNew":0},{"id":400022,"typeId":4,"iconUrl":"{base}/face/400022.png","sex":1,"resourceId":"custom_face.13","price":50,"currency":1,"quantity":0,"clanLevel":0,"isNew":1},{"id":400023,"typeId":4,"iconUrl":"{base}/face/400023.png","sex":1,"resourceId":"custom_face.12","price":50,"currency":1,"quantity":0,"clanLevel":0,"isNew":1},{"id":400024,"typeId":4,"iconUrl":"{base}/face/400024.png","sex":1,"resourceId":"custom_face.17","price":50,"currency":1,"quantity":0,"clanLevel":0,"isNew":1},{"id":400025,"typeId":4,"iconUrl":"{base}/face/400025.png","sex":1,"resourceId":"custom_face.16","price":50,"currency":1,"quantity":0,"clanLevel":0,"isNew":1},{"id":400026,"typeId":4,"iconUrl":"{base}/face/400026.png","sex":2,"resourceId":"custom_face.16","price":50,"currency":1,"quantity":0,"clanLevel":0,"isNew":1},{"id":400027,"typeId":4,"iconUrl":"{base}/face/400027.png","sex":1,"resourceId":"custom_face.15","price":50,"currency":1,"quantity":0,"clanLevel":0,"isNew":1},{"id":400028,"typeId":4,"iconUrl":"{base}/face/400028.png","sex":2,"resourceId":"custom_face.15","price":50,"currency":1,"quantity":0,"clanLevel":0,"isNew":1},{"id":400029,"typeId":4,"iconUrl":"{base}/face/400029.png","sex":2,"resourceId":"custom_face.14","price":50,"currency":1,"quantity":0,"clanLevel":0,"isNew":0},{"id":400030,"typeId":4,"iconUrl":"{base}/face/400030.png","sex":2,"resourceId":"custom_face.13","price":50,"currency":1,"quantity":0,"clanLevel":0,"isNew":1},{"id":400031,"typeId":4,"iconUrl":"{base}/face/400031.png","sex":2,"resourceId":"custom_face.12","price":50,"currency":1,"quantity":0,"clanLevel":0,"isNew":1},{"id":400032,"typeId":4,"iconUrl":"{base}/face/400032.png","sex":0,"resourceId":"custom_face.18","price":3000,"currency":2,"quantity":0,"clanLevel":0,"isNew":1},{"id":400033,"typeId":4,"iconUrl":"{base}/face/400033.png","sex":1,"resourceId":"custom_face.26","price":50,"currency":1,"quantity":0,"clanLevel":0,"isNew":1},{"id":400034,"typeId":4,"iconUrl":"{base}/face/400034.png","sex":1,"resourceId":"custom_face.23","price":50,"currency":1,"quantity":0,"clanLevel":0,"isNew":1},{"id":400035,"typeId":4,"iconUrl":"{base}/face/400035.png","sex":1,"resourceId":"custom_face.25","price":50,"currency":1,"quantity":0,"clanLevel":0,"isNew":1},{"id":400036,"typeId":4,"iconUrl":"{base}/face/400036.png","sex":1,"resourceId":"custom_face.24","price":50,"currency":1,"quantity":0,"clanLevel":0,"isNew":1},{"id":400037,"typeId":4,"iconUrl":"{base}/face/400037.png","sex":0,"resourceId":"custom_face.29","price":50,"currency":1,"quantity":0,"clanLevel":0,"isNew":1},{"id":400038,"typeId":4,"iconUrl":"{base}/face/400038.png","sex":0,"resourceId":"custom_face.27","price":50,"currency":1,"quantity":0,"clanLevel":0,"isNew":1},{"id":400039,"typeId":4,"iconUrl":"{base}/face/400039.png","sex":0,"resourceId":"custom_face.35","price":50,"currency":1,"quantity":0,"clanLevel":0,"isNew":1},{"id":400040,"typeId":4,"iconUrl":"{base}/face/400040.png","sex":1,"resourceId":"custom_face.38","price":50,"currency":1,"quantity":0,"clanLevel":0,"isNew":1},{"id":400041,"typeId":4,"iconUrl":"{base}/face/400041.png","sex":2,"resourceId":"custom_face.24","price":50,"currency":1,"quantity":0,"clanLevel":0,"isNew":1},{"id":400042,"typeId":4,"iconUrl":"{base}/face/400042.png","sex":0,"resourceId":"custom_face.34","price":50,"currency":1,"quantity":0,"clanLevel":0,"isNew":1},{"id":400043,"typeId":4,"iconUrl":"{base}/face/400043.png","sex":0,"resourceId":"custom_face.32","price":50,"currency":1,"quantity":0,"clanLevel":0,"isNew":1},{"id":400044,"typeId":4,"iconUrl":"{base}/face/400044.png","sex":2,"resourceId":"custom_face.23","price":50,"currency":1,"quantity":0,"clanLevel":0,"isNew":1},{"id":400045,"typeId":4,"iconUrl":"{base}/face/400045.png","sex":0,"resourceId":"custom_face.28","price":50,"currency":1,"quantity":0,"clanLevel":0,"isNew":1},{"id":400046,"typeId":4,"iconUrl":"{base}/face/400046.png","sex":0,"resourceId":"custom_face.30","price":50,"currency":1,"quantity":0,"clanLevel":0,"isNew":1},{"id":400047,"typeId":4,"iconUrl":"{base}/face/400047.png","sex":0,"resourceId":"custom_face.31","price":50,"currency":1,"quantity":0,"clanLevel":0,"isNew":1},{"id":400048,"typeId":4,"iconUrl":"{base}/face/400048.png","sex":0,"resourceId":"custom_face.33","price":50,"currency":1,"quantity":0,"clanLevel":0,"isNew":1},{"id":400049,"typeId":4,"iconUrl":"{base}/face/400049.png","sex":0,"resourceId":"custom_face.36","price":50,"currency":1,"quantity":0,"clanLevel":0,"isNew":1},{"id":400050,"typeId":4,"iconUrl":"{base}/face/400050.png","sex":0,"resourceId":"custom_face.37","price":50,"currency":1,"quantity":0,"clanLevel":0,"isNew":1},{"id":400051,"typeId":4,"iconUrl":"{base}/face/400051.png","sex":2,"resourceId":"custom_face.25","price":2000,"currency":2,"quantity":0,"clanLevel":0,"isNew":1},{"id":400052,"typeId":4,"iconUrl":"{base}/face/400052.png","sex":2,"resourceId":"custom_face.26","price":50,"currency":1,"quantity":0,"clanLevel":0,"isNew":1},{"id":400053,"typeId":4,"iconUrl":"{base}/face/400053.png","sex":1,"resourceId":"custom_face.40","price":50,"currency":1,"quantity":0,"clanLevel":0,"isNew":1},{"id":400054,"typeId":4,"iconUrl":"{base}/face/400054.png","sex":1,"resourceId":"custom_face.39","price":2000,"currency":2,"quantity":0,"clanLevel":0,"isNew":1},{"id":400055,"typeId":4,"iconUrl":"{base}/face/400055.png","sex":1,"resourceId":"custom_face.41","price":60,"currency":1,"quantity":0,"clanLevel":0,"isNew":1},{"id":400056,"typeId":4,"iconUrl":"{base}/face/400056.png","sex":2,"resourceId":"custom_face.38","price":60,"currency":1,"quantity":0,"clanLevel":0,"isNew":0},{"id":400057,"typeId":4,"iconUrl":"{base}/face/400057.png","sex":1,"resourceId":"custom_face.42","price":50,"currency":1,"quantity":0,"clanLevel":0,"isNew":0},{"id":400058,"typeId":4,"iconUrl":"{base}/face/400058.png","sex":2,"resourceId":"custom_face.39","price":50,"currency":1,"quantity":0,"clanLevel":0,"isNew":0},{"id":400059,"typeId":4,"iconUrl":"{base}/face/400059.png","sex":1,"resourceId":"custom_face.43","price":60,"currency":1,"quantity":0,"clanLevel":0,"isNew":1},{"id":400060,"typeId":4,"iconUrl":"{base}/face/400060.png","sex":2,"resourceId":"custom_face.40","price":60,"currency":1,"quantity":0,"clanLevel":0,"isNew":0},{"id":400061,"typeId":4,"iconUrl":"{base}/face/400061.png","sex":2,"resourceId":"custom_face.41","price":50,"currency":1,"quantity":0,"clanLevel":0,"isNew":1},{"id":400062,"typeId":4,"iconUrl":"{base}/face/400062.png","sex":1,"resourceId":"custom_face.44","price":50,"currency":1,"quantity":0,"clanLevel":0,"isNew":1},{"id":400063,"typeId":4,"iconUrl":"{base}/face/400063.png","sex":2,"resourceId":"custom_face.43","price":50,"currency":1,"quantity":0,"clanLevel":0,"isNew":1},{"id":400064,"typeId":4,"iconUrl":"{base}/face/400064.png","sex":1,"resourceId":"custom_face.45","price":50,"currency":1,"quantity":0,"clanLevel":0,"isNew":1},{"id":400065,"typeId":4,"iconUrl":"{base}/face/400065.png","sex":2,"resourceId":"custom_face.44","price":60,"currency":1,"quantity":0,"clanLevel":0,"isNew":1},{"id":400066,"typeId":4,"iconUrl":"{base}/face/400066.png","sex":1,"resourceId":"custom_face.46","price":60,"currency":1,"quantity":0,"clanLevel":0,"isNew":0},{"id":400067,"typeId":4,"iconUrl":"{base}/face/400067.png","sex":1,"resourceId":"custom_face.47","price":60,"currency":1,"quantity":0,"clanLevel":0,"isNew":1},{"id":400068,"typeId":4,"iconUrl":"{base}/face/400068.png","sex":2,"resourceId":"custom_face.45","price":60,"currency":1,"quantity":0,"clanLevel":0,"isNew":1},{"id":400069,"typeId":4,"iconUrl":"{base}/face/400069.png","sex":2,"resourceId":"custom_face.46","price":30,"currency":1,"quantity":0,"clanLevel":0,"isNew":1},{"id":400070,"typeId":4,"iconUrl":"{base}/face/400070.png","sex":1,"resourceId":"custom_face.48","price":30,"currency":1,"quantity":0,"clanLevel":0,"isNew":1},{"id":400071,"typeId":4,"iconUrl":"{base}/face/400071.png","sex":1,"resourceId":"custom_face.49","price":3000,"currency":2,"quantity":0,"clanLevel":0,"isNew":1},{"id":400072,"typeId":4,"iconUrl":"{base}/face/400072.png","sex":2,"resourceId":"custom_face.47","price":3000,"currency":2,"quantity":0,"clanLevel":0,"isNew":1},{"id":400073,"typeId":4,"iconUrl":"{base}/face/400073.png","sex":1,"resourceId":"custom_face.50","price":3000,"currency":2,"quantity":0,"clanLevel":0,"isNew":1},{"id":400074,"typeId":4,"iconUrl":"{base}/face/400074.png","sex":2,"resourceId":"custom_face.48","price":3000,"currency":2,"quantity":0,"clanLevel":0,"isNew":1},{"id":400075,"typeId":4,"iconUrl":"{base}/face/400075.png","sex":1,"resourceId":"custom_face.51","price":50,"currency":1,"quantity":0,"clanLevel":0,"isNew":1},{"id":400076,"typeId":4,"iconUrl":"{base}/face/400076.png","sex":2,"resourceId":"custom_face.49","price":50,"currency":1,"quantity":0,"clanLevel":0,"isNew":1},{"id":400077,"typeId":4,"iconUrl":"{base}/face/400077.png","sex":1,"resourceId":"custom_face.52","price":50,"currency":1,"quantity":0,"clanLevel":0,"isNew":1},{"id":400078,"typeId":4,"iconUrl":"{base}/face/400078.png","sex":2,"resourceId":"custom_face.50","price":50,"currency":1,"quantity":0,"clanLevel":0,"isNew":1},{"id":400079,"typeId":4,"iconUrl":"{base}/face/400079.png","sex":1,"resourceId":"custom_face.53","price":50,"currency":1,"quantity":0,"clanLevel":0,"isNew":1},{"id":400080,"typeId":4,"iconUrl":"{base}/face/400080.png","sex":2,"resourceId":"custom_face.51","price":50,"currency":1,"quantity":0,"clanLevel":0,"isNew":1},{"id":400081,"typeId":4,"iconUrl":"{base}/face/400081.png","sex":2,"resourceId":"custom_face.52","price":0,"currency":1,"quantity":0,"clanLevel":0,"isNew":1},{"id":400082,"typeId":4,"iconUrl":"{base}/face/400082.png","sex":1,"resourceId":"custom_face.54","price":0,"currency":1,"quantity":0,"clanLevel":0,"isNew":1},{"id":400083,"typeId":4,"iconUrl":"{base}/face/400083.png","sex":2,"resourceId":"custom_face.42","price":0,"currency":1,"quantity":0,"clanLevel":0,"isNew":1},{"id":400084,"typeId":4,"iconUrl":"{base}/face/400084.png","sex":1,"resourceId":"custom_face.56","price":50,"currency":1,"quantity":0,"clanLevel":0,"isNew":1},{"id":400085,"typeId":4,"iconUrl":"{base}/face/400085.png","sex":2,"resourceId":"custom_face.54","price":50,"currency":1,"quantity":0,"clanLevel":0,"isNew":1},{"id":400086,"typeId":4,"iconUrl":"{base}/face/400086.png","sex":1,"resourceId":"custom_face.55","price":60,"currency":1,"quantity":0,"clanLevel":0,"isNew":1},{"id":400087,"typeId":4,"iconUrl":"{base}/face/400087.png","sex":2,"resourceId":"custom_face.53","price":60,"currency":1,"quantity":0,"clanLevel":0,"isNew":1},{"id":400088,"typeId":4,"iconUrl":"{base}/face/400088.png","sex":1,"resourceId":"custom_face.57","price":50,"currency":1,"quantity":0,"clanLevel":0,"isNew":1},{"id":400089,"typeId":4,"iconUrl":"{base}/face/400089.png","sex":2,"resourceId":"custom_face.55","price":50,"currency":1,"quantity":0,"clanLevel":0,"isNew":1},{"id":400090,"typeId":4,"iconUrl":"{base}/face/400090.png","sex":1,"resourceId":"custom_face.58","price":0,"currency":1,"quantity":0,"clanLevel":0,"isNew":1},{"id":400091,"typeId":4,"iconUrl":"{base}/face/400091.png","sex":2,"resourceId":"custom_face.56","price":0,"currency":1,"quantity":0,"clanLevel":0,"isNew":1},{"id":400092,"typeId":4,"iconUrl":"{base}/face/400092.png","sex":1,"resourceId":"custom_face.59","price":0,"currency":1,"quantity":0,"clanLevel":0,"isNew":1},{"id":400093,"typeId":4,"iconUrl":"{base}/face/400093.png","sex":2,"resourceId":"custom_face.57","price":0,"currency":1,"quantity":0,"clanLevel":0,"isNew":1},{"id":400094,"typeId":4,"iconUrl":"{base}/face/400094.png","sex":1,"resourceId":"custom_face.62","price":60,"currency":1,"quantity":0,"clanLevel":0,"isNew":1},{"id":400095,"typeId":4,"iconUrl":"{base}/face/400095.png","sex":2,"resourceId":"custom_face.60","price":60,"currency":1,"quantity":0,"clanLevel":0,"isNew":1},{"id":400096,"typeId":4,"iconUrl":"{base}/face/400096.png","sex":1,"resourceId":"custom_face.60","price":0,"currency":1,"quantity":0,"clanLevel":0,"isNew":1},{"id":400097,"typeId":4,"iconUrl":"{base}/face/400097.png","sex":2,"resourceId":"custom_face.58","price":0,"currency":1,"quantity":0,"clanLevel":0,"isNew":1},{"id":400098,"typeId":4,"iconUrl":"{base}/face/400098.png","sex":1,"resourceId":"custom_face.61","price":0,"currency":1,"quantity":0,"clanLevel":0,"isNew":1},{"id":400099,"typeId":4,"iconUrl":"{base}/face/400099.png","sex":2,"resourceId":"custom_face.59","price":0,"currency":1,"quantity":0,"clanLevel":0,"isNew":1},{"id":400100,"typeId":4,"iconUrl":"{base}/face/400100.png","sex":1,"resourceId":"custom_face.63","price":60,"currency":1,"quantity":0,"clanLevel":0,"isNew":1},{"id":400101,"typeId":4,"iconUrl":"{base}/face/400101.png","sex":2,"resourceId":"custom_face.62","price":50,"currency":1,"quantity":0,"clanLevel":0,"isNew":1},{"id":400102,"typeId":4,"iconUrl":"{base}/face/400102.png","sex":2,"resourceId":"custom_face.61","price":60,"currency":1,"quantity":0,"clanLevel":0,"isNew":1},{"id":400103,"typeId":4,"iconUrl":"{base}/face/400103.png","sex":1,"resourceId":"custom_face.64","price":50,"currency":1,"quantity":0,"clanLevel":0,"isNew":1},{"id":400104,"typeId":4,"iconUrl":"{base}/face/400104.png","sex":2,"resourceId":"custom_face.64","price":60,"currency":1,"quantity":0,"clanLevel":0,"isNew":1},{"id":400105,"typeId":4,"iconUrl":"{base}/face/400105.png","sex":1,"resourceId":"custom_face.66","price":60,"currency":1,"quantity":0,"clanLevel":0,"isNew":1},{"id":400106,"typeId":4,"iconUrl":"{base}/face/400106.png","sex":1,"resourceId":"custom_face.65","price":50,"currency":1,"quantity":0,"clanLevel":0,"isNew":1},{"id":400107,"typeId":4,"iconUrl":"{base}/face/400107.png","sex":2,"resourceId":"custom_face.63","price":50,"currency":1,"quantity":0,"clanLevel":0,"isNew":1},{"id":400108,"typeId":4,"iconUrl":"{base}/face/400108.png","sex":1,"resourceId":"custom_face.67","price":60,"currency":1,"quantity":0,"clanLevel":0,"isNew":1},{"id":400109,"typeId":4,"iconUrl":"{base}/face/400109.png","sex":2,"resourceId":"custom_face.66","price":60,"currency":1,"quantity":0,"clanLevel":0,"isNew":1},{"id":400110,"typeId":4,"iconUrl":"{base}/face/400110.png","sex":2,"resourceId":"custom_face.65","price":60,"currency":1,"quantity":0,"clanLevel":0,"isNew":1},{"id":400111,"typeId":4,"iconUrl":"{base}/face/400111.png","sex":1,"resourceId":"custom_face.68","price":60,"currency":1,"quantity":0,"clanLevel":0,"isNew":1},{"id":400112,"typeId":4,"iconUrl":"{base}/face/400112.png","sex":2,"resourceId":"custom_face.67","price":60,"currency":1,"quantity":0,"clanLevel":0,"isNew":1},{"id":400113,"typeId":4,"iconUrl":"{base}/face/400113.png","sex":1,"resourceId":"custom_face.69","price":50,"currency":1,"quantity":0,"clanLevel":0,"isNew":1},{"id":400114,"typeId":4,"iconUrl":"{base}/face/400114.png","sex":2,"resourceId":"custom_face.68","price":50,"currency":1,"quantity":0,"clanLevel":0,"isNew":1},{"id":400115,"typeId":4,"iconUrl":"{base}/face/400115.png","sex":1,"resourceId":"custom_face.70","price":30,"currency":1,"quantity":0,"clanLevel":0,"isNew":1},{"id":400116,"typeId":4,"iconUrl":"{base}/face/400116.png","sex":2,"resourceId":"custom_face.69","price":30,"currency":1,"quantity":0,"clanLevel":0,"isNew":1},{"id":400117,"typeId":4,"iconUrl":"{base}/face/400117.png","sex":1,"resourceId":"custom_face.71","price":60,"currency":1,"quantity":0,"clanLevel":0,"isNew":1},{"id":400118,"typeId":4,"iconUrl":"{base}/face/400118.png","sex":2,"resourceId":"custom_face.70","price":60,"currency":1,"quantity":0,"clanLevel":0,"isNew":1},{"id":400119,"typeId":4,"iconUrl":"{base}/face/400119.png","sex":1,"resourceId":"custom_face.72","price":60,"currency":1,"quantity":0,"clanLevel":0,"isNew":1},{"id":400120,"typeId":4,"iconUrl":"{base}/face/400120.png","sex":2,"resourceId":"custom_face.71","price":60,"currency":1,"quantity":0,"clanLevel":0,"isNew":1},{"id":400121,"typeId":4,"iconUrl":"{base}/face/400121.png","sex":1,"resourceId":"custom_face.73","price":0,"currency":1,"quantity":0,"clanLevel":0,"isNew":1},{"id":400122,"typeId":4,"iconUrl":"{base}/face/400122.png","sex":2,"resourceId":"custom_face.72","price":0,"currency":1,"quantity":0,"clanLevel":0,"isNew":1},{"id":400123,"typeId":4,"iconUrl":"{base}/face/400123.png","sex":1,"resourceId":"custom_face.74","price":0,"currency":1,"quantity":0,"clanLevel":0,"isNew":1},{"id":400124,"typeId":4,"iconUrl":"{base}/face/400124.png","sex":2,"resourceId":"custom_face.73","price":0,"currency":1,"quantity":0,"clanLevel":0,"isNew":1},{"id":400125,"typeId":4,"iconUrl":"{base}/face/400125.png","sex":1,"resourceId":"custom_face.75","price":0,"currency":1,"quantity":0,"clanLevel":0,"isNew":1},{"id":400126,"typeId":4,"iconUrl":"{base}/face/400126.png","sex":2,"resourceId":"custom_face.74","price":0,"currency":1,"quantity":0,"clanLevel":0,"isNew":1},{"id":400127,"typeId":4,"iconUrl":"{base}/face/400127.png","sex":1,"resourceId":"custom_face.76","price":0,"currency":1,"quantity":0,"clanLevel":0,"isNew":1},{"id":400128,"typeId":4,"iconUrl":"{base}/face/400128.png","sex":2,"resourceId":"custom_face.75","price":0,"currency":1,"quantity":0,"clanLevel":0,"isNew":1},{"id":400129,"typeId":4,"iconUrl":"{base}/face/400129.png","sex":1,"resourceId":"custom_face.77","price":1111,"currency":1,"quantity":0,"clanLevel":0,"isNew":1},{"id":400130,"typeId":4,"iconUrl":"{base}/face/400130.png","sex":2,"resourceId":"custom_face.76","price":1111,"currency":1,"quantity":0,"clanLevel":0,"isNew":1},{"id":400131,"typeId":4,"iconUrl":"{base}/face/400131.png","sex":0,"resourceId":"custom_face.78","price":0,"currency":1,"quantity":0,"clanLevel":0,"isNew":1},{"id":400132,"typeId":4,"iconUrl":"{base}/face/400132.png","sex":1,"resourceId":"custom_face.79","price":0,"currency":1,"quantity":0,"clanLevel":0,"isNew":1},{"id":400133,"typeId":4,"iconUrl":"{base}/face/400133.png","sex":2,"resourceId":"custom_face.77","price":0,"currency":1,"quantity":0,"clanLevel":0,"isNew":1}]
