[{"id":300001,"typeId":3,"iconUrl":"{base}/glasses/300001.png","sex":0,"resourceId":"custom_glasses.1","price":0,"currency":0,"quantity":0,"clanLevel":0,"isNew":0},{"id":300002,"typeId":3,"iconUrl":"{base}/glasses/300002.png","sex":0,"resourceId":"custom_glasses.2","price":150,"currency":1,"quantity":0,"clanLevel":0,"isNew":1},{"id":300003,"typeId":3,"iconUrl":"{base}/glasses/300003.png","sex":0,"resourceId":"custom_glasses.3001","price":10800,"currency":1,"quantity":0,"clanLevel":5,"isNew":1},{"id":300004,"typeId":3,"iconUrl":"{base}/glasses/300004.png","sex":0,"resourceId":"custom_glasses.3","price":9999,"currency":1,"quantity":0,"clanLevel":0,"isNew":0},{"id":300005,"typeId":3,"iconUrl":"{base}/glasses/300005.png","sex":0,"resourceId":"custom_glasses.5","price":150,"currency":1,"quantity":0,"clanLevel":0,"isNew":1},{"id":300006,"typeId":3,"iconUrl":"{base}/glasses/300006.png","sex":1,"resourceId":"custom_glasses.6","price":9999,"currency":1,"quantity":0,"clanLevel":0,"isNew":1},{"id":300007,"typeId":3,"iconUrl":"{base}/glasses/300007.png","sex":2,"resourceId":"custom_glasses.6","price":9999,"currency":1,"quantity":0,"clanLevel":0,"isNew":1},{"id":300008,"typeId":3,"iconUrl":"{base}/glasses/300008.png","sex":2,"resourceId":"custom_glasses.7","price":80,"currency":1,"quantity":0,"clanLevel":0,"isNew":1},{"id":300009,"typeId":3,"iconUrl":"{base}/glasses/300009.png","sex":1,"resourceId":"custom_glasses.7","price":80,"currency":1,"quantity":0,"clanLevel":0,"isNew":1},{"id":300010,"typeId":3,"iconUrl":"{base}/glasses/300010.png","sex":1,"resourceId":"custom_glasses.8","price":60,"currency":1,"quantity":0,"clanLevel":0,"isNew":1},{"id":300011,"typeId":3,"iconUrl":"{base}/glasses/300011.png","sex":2,"resourceId":"custom_glasses.8","price":60,"currency":1,"quantity":0,"clanLevel":0,"isNew":1},{"id":300012,"typeId":3,"iconUrl":"{base}/glasses/300012.png","sex":2,"resourceId":"custom_glasses.9","price":130,"currency":1,"quantity":0,"clanLevel":0,"isNew":1},{"id":300013,"typeId":3,"iconUrl":"{base}/glasses/300013.png","sex":1,"resourceId":"custom_glasses.9","price":130,"currency":1,"quantity":0,"clanLevel":0,"isNew":1},{"id":300014,"typeId":3,"iconUrl":"{base}/glasses/300014.png","sex":1,"resourceId":"custom_glasses.10","price":80,"currency":1,"quantity":0,"clanLevel":0,"isNew":1},{"id":300015,"typeId":3,"iconUrl":"{base}/glasses/300015.png","sex":2,"resourceId":"custom_glasses.10","price":80,"currency":1,"quantity":0,"clanLevel":0,"isNew":1},{"id":300016,"typeId":3,"iconUrl":"{base}/glasses/300016.png","sex":2,"resourceId":"custom_glasses.11","price":0,"currency":1,"quantity":0,"clanLevel":0,"isNew":1},{"id":300017,"typeId":3,"iconUrl":"{base}/glasses/300017.png","sex":1,"resourceId":"custom_glasses.11","price":0,"currency":1,"quantity":0,"clanLevel":0,"isNew":1},{"id":300018,"typeId":3,"iconUrl":"{base}/glasses/300018.png","sex":1,"resourceId":"custom_glasses.13","price":80,"currency":1,"quantity":0,"clanLevel":0,"isNew":1},{"id":300019,"typeId":3,"iconUrl":"{base}/glasses/300019.png","sex":2,"resourceId":"custom_glasses.13","price":80,"currency":1,"quantity":0,"clanLevel":0,"isNew":1},{"id":300020,"typeId":3,"iconUrl":"{base}/glasses/300020.png","sex":1,"resourceId":"custom_glasses.14","price":80,"currency":1,"quantity":0,"clanLevel":0,"isNew":1},{"id":300021,"typeId":3,"iconUrl":"{base}/glasses/300021.png","sex":2,"resourceId":"custom_glasses.14","price":80,"currency":1,"quantity":0,"clanLevel":0,"isNew":1},{"id":300022,"typeId":3,"iconUrl":"{base}/glasses/300022.png","sex":2,"resourceId":"custom_glasses.15","price":0,"currency":1,"quantity":0,"clanLevel":0,"isNew":1},{"id":300023,"typeId":3,"iconUrl":"{base}/glasses/300023.png","sex":1,"resourceId":"custom_glasses.15","price":0,"currency":1,"quantity":0,"clanLevel":0,"isNew":1},{"id":300024,"typeId":3,"iconUrl":"{base}/glasses/300024.png","sex":1,"resourceId":"custom_glasses.18","price":60,"currency":1,"quantity":0,"clanLevel":0,"isNew":1},{"id":300025,"typeId":3,"iconUrl":"{base}/glasses/300025.png","sex":2,"resourceId":"custom_glasses.18","price":60,"currency":1,"quantity":0,"clanLevel":0,"isNew":1},{"id":300026,"typeId":3,"iconUrl":"{base}/glasses/300026.png","sex":1,"resourceId":"custom_glasses.16","price":0,"currency":1,"quantity":0,"clanLevel":0,"isNew":1},{"id":300027,"typeId":3,"iconUrl":"{base}/glasses/300027.png","sex":2,"resourceId":"custom_glasses.16","price":0,"currency":1,"quantity":0,"clanLevel":0,"isNew":1},{"id":300028,"typeId":3,"iconUrl":"{base}/glasses/300028.png","sex":1,"resourceId":"custom_glasses.17","price":12000,"currency":2,"quantity":0,"clanLevel":0,"isNew":1},{"id":300029,"typeId":3,"iconUrl":"{base}/glasses/300029.png","sex":2,"resourceId":"custom_glasses.17","price":12000,"currency":2,"quantity":0,"clanLevel":0,"isNew":1},{"id":300030,"typeId":3,"iconUrl":"{base}/glasses/300030.png","sex":1,"resourceId":"custom_glasses.19","price":60,"currency":1,"quantity":0,"clanLevel":0,"isNew":1},{"id":300031,"typeId":3,"iconUrl":"{base}/glasses/300031.png","sex":2,"resourceId":"custom_glasses.19","price":60,"currency":1,"quantity":0,"clanLevel":0,"isNew":1},{"id":300032,"typeId":3,"iconUrl":"{base}/glasses/300032.png","sex":1,"resourceId":"custom_glasses.20","price":60,"currency":1,"quantity":0,"clanLevel":0,"isNew":1},{"id":300033,"typeId":3,"iconUrl":"{base}/glasses/300033.png","sex":2,"resourceId":"custom_glasses.20","price":60,"currency":1,"quantity":0,"clanLevel":0,"isNew":1},{"id":300034,"typeId":3,"iconUrl":"{base}/glasses/300034.png","sex":1,"resourceId":"custom_glasses.21","price":130,"currency":1,"quantity":0,"clanLevel":0,"isNew":1},{"id":300035,"typeId":3,"iconUrl":"{base}/glasses/300035.png","sex":2,"resourceId":"custom_glasses.21","price":130,"currency":1,"quantity":0,"clanLevel":0,"isNew":1},{"id":300036,"typeId":3,"iconUrl":"{base}/glasses/300036.png","sex":1,"resourceId":"custom_glasses.22","price":60,"currency":1,"quantity":0,"clanLevel":0,"isNew":1},{"id":300037,"typeId":3,"iconUrl":"{base}/glasses/300037.png","sex":1,"resourceId":"custom_glasses.23","price":0,"currency":1,"quantity":0,"clanLevel":0,"isNew":1},{"id":300038,"typeId":3,"iconUrl":"{base}/glasses/300038.png","sex":2,"resourceId":"custom_glasses.23","price":0,"currency":1,"quantity":0,"clanLevel":0,"isNew":1}]