[{"id":1100001,"typeId":11,"iconUrl":"{base}/hat/1100001.png","sex":0,"resourceId":"custom_hat.2","price":160,"currency":1,"quantity":0,"clanLevel":0,"isNew":1},{"id":1100002,"typeId":11,"iconUrl":"{base}/hat/1100002.png","sex":0,"resourceId":"custom_hat.4","price":0,"currency":0,"quantity":0,"clanLevel":0,"isNew":1},{"id":1100003,"typeId":11,"iconUrl":"{base}/hat/1100003.png","sex":0,"resourceId":"custom_hat.3","price":0,"currency":0,"quantity":0,"clanLevel":0,"isNew":1},{"id":1100004,"typeId":11,"iconUrl":"{base}/hat/1100004.png","sex":0,"resourceId":"custom_hat.5","price":0,"currency":0,"quantity":0,"clanLevel":0,"isNew":1},{"id":1100005,"typeId":11,"iconUrl":"{base}/hat/1100005.png","sex":0,"resourceId":"custom_hat.1","price":150,"currency":1,"quantity":0,"clanLevel":0,"isNew":1},{"id":1100006,"typeId":11,"iconUrl":"{base}/hat/1100006.png","sex":0,"resourceId":"custom_hat.6","price":999,"currency":1,"quantity":0,"clanLevel":0,"isNew":1},{"id":1100007,"typeId":11,"iconUrl":"{base}/hat/1100007.png","sex":2,"resourceId":"custom_hat.7","price":100,"currency":1,"quantity":0,"clanLevel":0,"isNew":1},{"id":1100008,"typeId":11,"iconUrl":"{base}/hat/1100008.png","sex":2,"resourceId":"custom_hat.9","price":60,"currency":1,"quantity":0,"clanLevel":0,"isNew":1},{"id":1100009,"typeId":11,"iconUrl":"{base}/hat/1100009.png","sex":1,"resourceId":"custom_hat.8","price":130,"currency":1,"quantity":0,"clanLevel":0,"isNew":0},{"id":1100010,"typeId":11,"iconUrl":"{base}/hat/1100010.png","sex":0,"resourceId":"custom_hat.10","price":150,"currency":1,"quantity":0,"clanLevel":0,"isNew":1},{"id":1100011,"typeId":11,"iconUrl":"{base}/hat/1100011.png","sex":2,"resourceId":"custom_hat.11","price":0,"currency":1,"quantity":0,"clanLevel":0,"isNew":1},{"id":1100012,"typeId":11,"iconUrl":"{base}/hat/1100012.png","sex":1,"resourceId":"custom_hat.9","price":0,"currency":1,"quantity":0,"clanLevel":0,"isNew":1},{"id":1100013,"typeId":11,"iconUrl":"{base}/hat/1100013.png","sex":1,"resourceId":"custom_hat.7","price":0,"currency":1,"quantity":0,"clanLevel":0,"isNew":1},{"id":1100014,"typeId":11,"iconUrl":"{base}/hat/1100014.png","sex":1,"resourceId":"custom_hat.13","price":150,"currency":1,"quantity":0,"clanLevel":0,"isNew":1},{"id":1100015,"typeId":11,"iconUrl":"{base}/hat/1100015.png","sex":2,"resourceId":"custom_hat.13","price":150,"currency":1,"quantity":0,"clanLevel":0,"isNew":1},{"id":1100016,"typeId":11,"iconUrl":"{base}/hat/1100016.png","sex":1,"resourceId":"custom_hat.11","price":60,"currency":1,"quantity":0,"clanLevel":0,"isNew":1},{"id":1100017,"typeId":11,"iconUrl":"{base}/hat/1100017.png","sex":2,"resourceId":"custom_hat.12","price":130,"currency":1,"quantity":0,"clanLevel":0,"isNew":1},{"id":1100018,"typeId":11,"iconUrl":"{base}/hat/1100018.png","sex":1,"resourceId":"custom_hat.12","price":80,"currency":1,"quantity":0,"clanLevel":0,"isNew":1},{"id":1100019,"typeId":11,"iconUrl":"{base}/hat/1100019.png","sex":2,"resourceId":"custom_hat.14","price":80,"currency":1,"quantity":0,"clanLevel":0,"isNew":1},{"id":1100020,"typeId":11,"iconUrl":"{base}/hat/1100020.png","sex":1,"resourceId":"custom_hat.14","price":0,"currency":1,"quantity":0,"clanLevel":0,"isNew":1},{"id":1100021,"typeId":11,"iconUrl":"{base}/hat/1100021.png","sex":2,"resourceId":"custom_hat.15","price":0,"currency":1,"quantity":0,"clanLevel":0,"isNew":1},{"id":1100022,"typeId":11,"iconUrl":"{base}/hat/1100022.png","sex":2,"resourceId":"custom_hat.16","price":0,"currency":1,"quantity":0,"clanLevel":0,"isNew":1},{"id":1100023,"typeId":11,"iconUrl":"{base}/hat/1100023.png","sex":0,"resourceId":"custom_hat.17","price":0,"currency":1,"quantity":0,"clanLevel":0,"isNew":1},{"id":1100024,"typeId":11,"iconUrl":"{base}/hat/1100024.png","sex":2,"resourceId":"custom_hat.44","price":0,"currency":1,"quantity":0,"clanLevel":0,"isNew":1},{"id":1100025,"typeId":11,"iconUrl":"{base}/hat/1100025.png","sex":1,"resourceId":"custom_hat.15","price":0,"currency":1,"quantity":0,"clanLevel":0,"isNew":1},{"id":1100026,"typeId":11,"iconUrl":"{base}/hat/1100026.png","sex":1,"resourceId":"custom_hat.16","price":0,"currency":1,"quantity":0,"clanLevel":0,"isNew":1},{"id":1100027,"typeId":11,"iconUrl":"{base}/hat/1100027.png","sex":2,"resourceId":"custom_hat.18","price":0,"currency":1,"quantity":0,"clanLevel":0,"isNew":1},{"id":1100028,"typeId":11,"iconUrl":"{base}/hat/1100028.png","sex":1,"resourceId":"custom_hat.18","price":60,"currency":1,"quantity":0,"clanLevel":0,"isNew":1},{"id":1100029,"typeId":11,"iconUrl":"{base}/hat/1100029.png","sex":2,"resourceId":"custom_hat.19","price":80,"currency":1,"quantity":0,"clanLevel":0,"isNew":1},{"id":1100030,"typeId":11,"iconUrl":"{base}/hat/1100030.png","sex":2,"resourceId":"custom_hat.20","price":60,"currency":1,"quantity":0,"clanLevel":0,"isNew":1},{"id":1100031,"typeId":11,"iconUrl":"{base}/hat/1100031.png","sex":2,"resourceId":"custom_hat.21","price":60,"currency":1,"quantity":0,"clanLevel":0,"isNew":1},{"id":1100032,"typeId":11,"iconUrl":"{base}/hat/1100032.png","sex":1,"resourceId":"custom_hat.19","price":60,"currency":1,"quantity":0,"clanLevel":0,"isNew":1},{"id":1100033,"typeId":11,"iconUrl":"{base}/hat/1100033.png","sex":2,"resourceId":"custom_hat.22","price":80,"currency":1,"quantity":0,"clanLevel":0,"isNew":1},{"id":1100034,"typeId":11,"iconUrl":"{base}/hat/1100034.png","sex":2,"resourceId":"custom_hat.23","price":130,"currency":1,"quantity":0,"clanLevel":0,"isNew":1},{"id":1100035,"typeId":11,"iconUrl":"{base}/hat/1100035.png","sex":1,"resourceId":"custom_hat.20","price":60,"currency":1,"quantity":0,"clanLevel":0,"isNew":1},{"id":1100036,"typeId":11,"iconUrl":"{base}/hat/1100036.png","sex":2,"resourceId":"custom_hat.24","price":60,"currency":1,"quantity":0,"clanLevel":0,"isNew":1},{"id":1100037,"typeId":11,"iconUrl":"{base}/hat/1100037.png","sex":0,"resourceId":"custom_hat.5","price":0,"currency":0,"quantity":0,"clanLevel":0,"isNew":1},{"id":1100038,"typeId":11,"iconUrl":"{base}/hat/1100038.png","sex":0,"resourceId":"custom_hat.25","price":0,"currency":1,"quantity":0,"clanLevel":0,"isNew":1},{"id":1100039,"typeId":11,"iconUrl":"{base}/hat/1100039.png","sex":0,"resourceId":"custom_hat.26","price":0,"currency":1,"quantity":0,"clanLevel":0,"isNew":1},{"id":1100040,"typeId":11,"iconUrl":"{base}/hat/1100040.png","sex":0,"resourceId":"custom_hat.27","price":0,"currency":0,"quantity":0,"clanLevel":0,"isNew":0},{"id":1100041,"typeId":11,"iconUrl":"{base}/hat/1100041.png","sex":0,"resourceId":"custom_hat.28","price":0,"currency":1,"quantity":0,"clanLevel":0,"isNew":1},{"id":1100042,"typeId":11,"iconUrl":"{base}/hat/1100042.png","sex":0,"resourceId":"custom_hat.29","price":0,"currency":1,"quantity":0,"clanLevel":0,"isNew":1},{"id":1100043,"typeId":11,"iconUrl":"{base}/hat/1100043.png","sex":1,"resourceId":"custom_hat.22","price":0,"currency":1,"quantity":0,"clanLevel":0,"isNew":1},{"id":1100044,"typeId":11,"iconUrl":"{base}/hat/1100044.png","sex":2,"resourceId":"custom_hat.30","price":0,"currency":1,"quantity":0,"clanLevel":0,"isNew":1}]