[{"id":900001,"typeId":9,"iconUrl":"{base}/pants/900001.png","sex":1,"resourceId":"clothes_pants.2","price":0,"currency":0,"quantity":0,"clanLevel":0,"isNew":0},{"id":900002,"typeId":9,"iconUrl":"{base}/pants/900002.png","sex":1,"resourceId":"clothes_pants.3","price":0,"currency":0,"quantity":0,"clanLevel":0,"isNew":0},{"id":900003,"typeId":9,"iconUrl":"{base}/pants/900003.png","sex":1,"resourceId":"clothes_pants.4","price":0,"currency":0,"quantity":0,"clanLevel":0,"isNew":0},{"id":900004,"typeId":9,"iconUrl":"{base}/pants/900004.png","sex":2,"resourceId":"clothes_pants.2","price":0,"currency":0,"quantity":0,"clanLevel":0,"isNew":0},{"id":900005,"typeId":9,"iconUrl":"{base}/pants/900005.png","sex":2,"resourceId":"clothes_pants.3","price":0,"currency":0,"quantity":0,"clanLevel":0,"isNew":0},{"id":900006,"typeId":9,"iconUrl":"{base}/pants/900006.png","sex":2,"resourceId":"clothes_pants.4","price":0,"currency":0,"quantity":0,"clanLevel":0,"isNew":0},{"id":900007,"typeId":9,"iconUrl":"{base}/pants/900007.png","sex":2,"resourceId":"clothes_pants.12","price":3000,"currency":2,"quantity":0,"clanLevel":0,"isNew":1},{"id":900008,"typeId":9,"iconUrl":"{base}/pants/900008.png","sex":2,"resourceId":"clothes_pants.11","price":3000,"currency":2,"quantity":0,"clanLevel":0,"isNew":1},{"id":900009,"typeId":9,"iconUrl":"{base}/pants/900009.png","sex":2,"resourceId":"clothes_pants.10","price":3000,"currency":2,"quantity":0,"clanLevel":0,"isNew":1},{"id":900010,"typeId":9,"iconUrl":"{base}/pants/900010.png","sex":2,"resourceId":"clothes_pants.9","price":3000,"currency":2,"quantity":0,"clanLevel":0,"isNew":1},{"id":900011,"typeId":9,"iconUrl":"{base}/pants/900011.png","sex":2,"resourceId":"clothes_pants.8","price":3000,"currency":2,"quantity":0,"clanLevel":0,"isNew":1},{"id":900012,"typeId":9,"iconUrl":"{base}/pants/900012.png","sex":2,"resourceId":"clothes_pants.7","price":80,"currency":1,"quantity":0,"clanLevel":0,"isNew":1},{"id":900013,"typeId":9,"iconUrl":"{base}/pants/900013.png","sex":2,"resourceId":"clothes_pants.6","price":80,"currency":1,"quantity":0,"clanLevel":0,"isNew":1},{"id":900014,"typeId":9,"iconUrl":"{base}/pants/900014.png","sex":2,"resourceId":"clothes_pants.5","price":80,"currency":1,"quantity":0,"clanLevel":0,"isNew":1},{"id":900015,"typeId":9,"iconUrl":"{base}/pants/900015.png","sex":1,"resourceId":"clothes_pants.12","price":3000,"currency":2,"quantity":0,"clanLevel":0,"isNew":1},{"id":900016,"typeId":9,"iconUrl":"{base}/pants/900016.png","sex":1,"resourceId":"clothes_pants.11","price":3000,"currency":2,"quantity":0,"clanLevel":0,"isNew":1},{"id":900017,"typeId":9,"iconUrl":"{base}/pants/900017.png","sex":1,"resourceId":"clothes_pants.10","price":3000,"currency":2,"quantity":0,"clanLevel":0,"isNew":1},{"id":900018,"typeId":9,"iconUrl":"{base}/pants/900018.png","sex":1,"resourceId":"clothes_pants.9","price":3000,"currency":2,"quantity":0,"clanLevel":0,"isNew":1},{"id":900019,"typeId":9,"iconUrl":"{base}/pants/900019.png","sex":1,"resourceId":"clothes_pants.8","price":3000,"currency":2,"quantity":0,"clanLevel":0,"isNew":1},{"id":900020,"typeId":9,"iconUrl":"{base}/pants/900020.png","sex":1,"resourceId":"clothes_pants.7","price":80,"currency":1,"quantity":0,"clanLevel":0,"isNew":1},{"id":900021,"typeId":9,"iconUrl":"{base}/pants/900021.png","sex":1,"resourceId":"clothes_pants.6","price":80,"currency":1,"quantity":0,"clanLevel":0,"isNew":1},{"id":900022,"typeId":9,"iconUrl":"{base}/pants/900022.png","sex":1,"resourceId":"clothes_pants.5","price":60,"currency":1,"quantity":0,"clanLevel":0,"isNew":1},{"id":900023,"typeId":9,"iconUrl":"{base}/pants/900023.png","sex":1,"resourceId":"clothes_pants.18","price":80,"currency":1,"quantity":0,"clanLevel":0,"isNew":1},{"id":900024,"typeId":9,"iconUrl":"{base}/pants/900024.png","sex":1,"resourceId":"clothes_pants.17","price":80,"currency":1,"quantity":0,"clanLevel":0,"isNew":1},{"id":900025,"typeId":9,"iconUrl":"{base}/pants/900025.png","sex":1,"resourceId":"clothes_pants.16","price":80,"currency":1,"quantity":0,"clanLevel":0,"isNew":1},{"id":900026,"typeId":9,"iconUrl":"{base}/pants/900026.png","sex":1,"resourceId":"clothes_pants.15","price":80,"currency":1,"quantity":0,"clanLevel":0,"isNew":1},{"id":900027,"typeId":9,"iconUrl":"{base}/pants/900027.png","sex":1,"resourceId":"clothes_pants.14","price":80,"currency":1,"quantity":0,"clanLevel":0,"isNew":1},{"id":900028,"typeId":9,"iconUrl":"{base}/pants/900028.png","sex":2,"resourceId":"clothes_pants.13","price":0,"currency":0,"quantity":0,"clanLevel":0,"isNew":1},{"id":900029,"typeId":9,"iconUrl":"{base}/pants/900029.png","sex":1,"resourceId":"clothes_pants.13","price":0,"currency":0,"quantity":0,"clanLevel":0,"isNew":1},{"id":900030,"typeId":9,"iconUrl":"{base}/pants/900030.png","sex":1,"resourceId":"clothes_pants.20","price":80,"currency":1,"quantity":0,"clanLevel":0,"isNew":1},{"id":900031,"typeId":9,"iconUrl":"{base}/pants/900031.png","sex":1,"resourceId":"clothes_pants.19","price":80,"currency":1,"quantity":0,"clanLevel":0,"isNew":1},{"id":900032,"typeId":9,"iconUrl":"{base}/pants/900032.png","sex":2,"resourceId":"clothes_pants.19","price":80,"currency":1,"quantity":0,"clanLevel":0,"isNew":1},{"id":900033,"typeId":9,"iconUrl":"{base}/pants/900033.png","sex":2,"resourceId":"clothes_pants.18","price":80,"currency":1,"quantity":0,"clanLevel":0,"isNew":1},{"id":900034,"typeId":9,"iconUrl":"{base}/pants/900034.png","sex":2,"resourceId":"clothes_pants.17","price":80,"currency":1,"quantity":0,"clanLevel":0,"isNew":1},{"id":900035,"typeId":9,"iconUrl":"{base}/pants/900035.png","sex":2,"resourceId":"clothes_pants.16","price":80,"currency":1,"quantity":0,"clanLevel":0,"isNew":1},{"id":900036,"typeId":9,"iconUrl":"{base}/pants/900036.png","sex":2,"resourceId":"clothes_pants.15","price":80,"currency":1,"quantity":0,"clanLevel":0,"isNew":1},{"id":900037,"typeId":9,"iconUrl":"{base}/pants/900037.png","sex":2,"resourceId":"clothes_pants.14","price":80,"currency":1,"quantity":0,"clanLevel":0,"isNew":1},{"id":900038,"typeId":9,"iconUrl":"{base}/pants/900038.png","sex":0,"resourceId":"clothes_pants.3004","price":7200,"currency":1,"quantity":0,"clanLevel":9,"isNew":1},{"id":900039,"typeId":9,"iconUrl":"{base}/pants/900039.png","sex":0,"resourceId":"clothes_pants.3003","price":5760,"currency":1,"quantity":0,"clanLevel":4,"isNew":1},{"id":900040,"typeId":9,"iconUrl":"{base}/pants/900040.png","sex":0,"resourceId":"clothes_pants.3002","price":5760,"currency":1,"quantity":0,"clanLevel":3,"isNew":1},{"id":900041,"typeId":9,"iconUrl":"{base}/pants/900041.png","sex":0,"resourceId":"clothes_pants.3001","price":4800,"currency":1,"quantity":0,"clanLevel":1,"isNew":1},{"id":900042,"typeId":9,"iconUrl":"{base}/pants/900042.png","sex":0,"resourceId":"clothes_pants.33","price":4000,"currency":2,"quantity":0,"clanLevel":0,"isNew":1},{"id":900043,"typeId":9,"iconUrl":"{base}/pants/900043.png","sex":0,"resourceId":"clothes_pants.32","price":4000,"currency":2,"quantity":0,"clanLevel":0,"isNew":1},{"id":900044,"typeId":9,"iconUrl":"{base}/pants/900044.png","sex":0,"resourceId":"clothes_pants.31","price":4000,"currency":2,"quantity":0,"clanLevel":0,"isNew":1},{"id":900045,"typeId":9,"iconUrl":"{base}/pants/900045.png","sex":0,"resourceId":"clothes_pants.30","price":4000,"currency":2,"quantity":0,"clanLevel":0,"isNew":1},{"id":900046,"typeId":9,"iconUrl":"{base}/pants/900046.png","sex":0,"resourceId":"clothes_pants.29","price":4000,"currency":2,"quantity":0,"clanLevel":0,"isNew":1},{"id":900047,"typeId":9,"iconUrl":"{base}/pants/900047.png","sex":0,"resourceId":"clothes_pants.28","price":4000,"currency":2,"quantity":0,"clanLevel":0,"isNew":1},{"id":900048,"typeId":9,"iconUrl":"{base}/pants/900048.png","sex":0,"resourceId":"clothes_pants.27","price":4000,"currency":2,"quantity":0,"clanLevel":0,"isNew":1},{"id":900049,"typeId":9,"iconUrl":"{base}/pants/900049.png","sex":0,"resourceId":"clothes_pants.26","price":4000,"currency":2,"quantity":0,"clanLevel":0,"isNew":1},{"id":900050,"typeId":9,"iconUrl":"{base}/pants/900050.png","sex":0,"resourceId":"clothes_pants.25","price":4000,"currency":2,"quantity":0,"clanLevel":0,"isNew":1},{"id":900051,"typeId":9,"iconUrl":"{base}/pants/900051.png","sex":0,"resourceId":"clothes_pants.24","price":4000,"currency":2,"quantity":0,"clanLevel":0,"isNew":1},{"id":900052,"typeId":9,"iconUrl":"{base}/pants/900052.png","sex":0,"resourceId":"clothes_pants.23","price":4000,"currency":2,"quantity":0,"clanLevel":0,"isNew":1},{"id":900053,"typeId":9,"iconUrl":"{base}/pants/900053.png","sex":0,"resourceId":"clothes_pants.22","price":4000,"currency":2,"quantity":0,"clanLevel":0,"isNew":1},{"id":900054,"typeId":9,"iconUrl":"{base}/pants/900054.png","sex":0,"resourceId":"clothes_pants.21","price":4000,"currency":2,"quantity":0,"clanLevel":0,"isNew":1},{"id":900055,"typeId":9,"iconUrl":"{base}/pants/900055.png","sex":0,"resourceId":"clothes_pants.34","price":9999,"currency":1,"quantity":0,"clanLevel":0,"isNew":0},{"id":900056,"typeId":9,"iconUrl":"{base}/pants/900056.png","sex":0,"resourceId":"clothes_pants.49","price":4800,"currency":2,"quantity":0,"clanLevel":0,"isNew":1},{"id":900057,"typeId":9,"iconUrl":"{base}/pants/900057.png","sex":0,"resourceId":"clothes_pants.48","price":4800,"currency":2,"quantity":0,"clanLevel":0,"isNew":1},{"id":900058,"typeId":9,"iconUrl":"{base}/pants/900058.png","sex":0,"resourceId":"clothes_pants.47","price":4800,"currency":2,"quantity":0,"clanLevel":0,"isNew":1},{"id":900059,"typeId":9,"iconUrl":"{base}/pants/900059.png","sex":0,"resourceId":"clothes_pants.46","price":4800,"currency":2,"quantity":0,"clanLevel":0,"isNew":1},{"id":900060,"typeId":9,"iconUrl":"{base}/pants/900060.png","sex":0,"resourceId":"clothes_pants.45","price":4800,"currency":2,"quantity":0,"clanLevel":0,"isNew":1},{"id":900061,"typeId":9,"iconUrl":"{base}/pants/900061.png","sex":0,"resourceId":"clothes_pants.44","price":4800,"currency":2,"quantity":0,"clanLevel":0,"isNew":1},{"id":900062,"typeId":9,"iconUrl":"{base}/pants/900062.png","sex":0,"resourceId":"clothes_pants.43","price":4800,"currency":2,"quantity":0,"clanLevel":0,"isNew":1},{"id":900063,"typeId":9,"iconUrl":"{base}/pants/900063.png","sex":0,"resourceId":"clothes_pants.42","price":4800,"currency":2,"quantity":0,"clanLevel":0,"isNew":1},{"id":900064,"typeId":9,"iconUrl":"{base}/pants/900064.png","sex":0,"resourceId":"clothes_pants.41","price":4800,"currency":2,"quantity":0,"clanLevel":0,"isNew":1},{"id":900065,"typeId":9,"iconUrl":"{base}/pants/900065.png","sex":0,"resourceId":"clothes_pants.40","price":4800,"currency":2,"quantity":0,"clanLevel":0,"isNew":1},{"id":900066,"typeId":9,"iconUrl":"{base}/pants/900066.png","sex":0,"resourceId":"clothes_pants.39","price":4800,"currency":2,"quantity":0,"clanLevel":0,"isNew":1},{"id":900067,"typeId":9,"iconUrl":"{base}/pants/900067.png","sex":0,"resourceId":"clothes_pants.38","price":4800,"currency":2,"quantity":0,"clanLevel":0,"isNew":1},{"id":900068,"typeId":9,"iconUrl":"{base}/pants/900068.png","sex":2,"resourceId":"clothes_pants.70","price":80,"currency":1,"quantity":0,"clanLevel":0,"isNew":1},{"id":900069,"typeId":9,"iconUrl":"{base}/pants/900069.png","sex":1,"resourceId":"clothes_pants.62","price":4800,"currency":2,"quantity":0,"clanLevel":0,"isNew":1},{"id":900070,"typeId":9,"iconUrl":"{base}/pants/900070.png","sex":2,"resourceId":"clothes_pants.61","price":4800,"currency":2,"quantity":0,"clanLevel":0,"isNew":1},{"id":900071,"typeId":9,"iconUrl":"{base}/pants/900071.png","sex":1,"resourceId":"clothes_pants.61","price":80,"currency":1,"quantity":0,"clanLevel":0,"isNew":1},{"id":900072,"typeId":9,"iconUrl":"{base}/pants/900072.png","sex":2,"resourceId":"clothes_pants.63","price":80,"currency":1,"quantity":0,"clanLevel":0,"isNew":1},{"id":900073,"typeId":9,"iconUrl":"{base}/pants/900073.png","sex":1,"resourceId":"clothes_pants.63","price":4800,"currency":2,"quantity":0,"clanLevel":0,"isNew":1},{"id":900074,"typeId":9,"iconUrl":"{base}/pants/900074.png","sex":2,"resourceId":"clothes_pants.62","price":4800,"currency":2,"quantity":0,"clanLevel":0,"isNew":1},{"id":900075,"typeId":9,"iconUrl":"{base}/pants/900075.png","sex":1,"resourceId":"clothes_pants.59","price":80,"currency":1,"quantity":0,"clanLevel":0,"isNew":1},{"id":900076,"typeId":9,"iconUrl":"{base}/pants/900076.png","sex":0,"resourceId":"clothes_pants.58","price":4800,"currency":2,"quantity":0,"clanLevel":0,"isNew":1},{"id":900077,"typeId":9,"iconUrl":"{base}/pants/900077.png","sex":0,"resourceId":"clothes_pants.57","price":4800,"currency":2,"quantity":0,"clanLevel":0,"isNew":1},{"id":900078,"typeId":9,"iconUrl":"{base}/pants/900078.png","sex":0,"resourceId":"clothes_pants.56","price":4800,"currency":2,"quantity":0,"clanLevel":0,"isNew":1},{"id":900079,"typeId":9,"iconUrl":"{base}/pants/900079.png","sex":2,"resourceId":"clothes_pants.55","price":4800,"currency":2,"quantity":0,"clanLevel":0,"isNew":1},{"id":900080,"typeId":9,"iconUrl":"{base}/pants/900080.png","sex":1,"resourceId":"clothes_pants.55","price":4800,"currency":2,"quantity":0,"clanLevel":0,"isNew":1},{"id":900081,"typeId":9,"iconUrl":"{base}/pants/900081.png","sex":0,"resourceId":"clothes_pants.54","price":4800,"currency":2,"quantity":0,"clanLevel":0,"isNew":1},{"id":900082,"typeId":9,"iconUrl":"{base}/pants/900082.png","sex":2,"resourceId":"clothes_pants.53","price":4800,"currency":2,"quantity":0,"clanLevel":0,"isNew":1},{"id":900083,"typeId":9,"iconUrl":"{base}/pants/900083.png","sex":1,"resourceId":"clothes_pants.53","price":4800,"currency":2,"quantity":0,"clanLevel":0,"isNew":1},{"id":900084,"typeId":9,"iconUrl":"{base}/pants/900084.png","sex":0,"resourceId":"clothes_pants.60","price":80,"currency":1,"quantity":0,"clanLevel":0,"isNew":1},{"id":900085,"typeId":9,"iconUrl":"{base}/pants/900085.png","sex":0,"resourceId":"clothes_pants.52","price":80,"currency":1,"quantity":0,"clanLevel":0,"isNew":1},{"id":900086,"typeId":9,"iconUrl":"{base}/pants/900086.png","sex":1,"resourceId":"clothes_pants.64","price":4800,"currency":2,"quantity":0,"clanLevel":0,"isNew":1},{"id":900087,"typeId":9,"iconUrl":"{base}/pants/900087.png","sex":1,"resourceId":"clothes_pants.65","price":9999,"currency":1,"quantity":0,"clanLevel":0,"isNew":1},{"id":900088,"typeId":9,"iconUrl":"{base}/pants/900088.png","sex":2,"resourceId":"clothes_pants.37","price":9999,"currency":1,"quantity":0,"clanLevel":0,"isNew":1},{"id":900089,"typeId":9,"iconUrl":"{base}/pants/900089.png","sex":1,"resourceId":"clothes_pants.66","price":4800,"currency":2,"quantity":0,"clanLevel":0,"isNew":1},{"id":900090,"typeId":9,"iconUrl":"{base}/pants/900090.png","sex":2,"resourceId":"clothes_pants.66","price":4800,"currency":2,"quantity":0,"clanLevel":0,"isNew":1},{"id":900091,"typeId":9,"iconUrl":"{base}/pants/900091.png","sex":2,"resourceId":"clothes_pants.64","price":80,"currency":1,"quantity":0,"clanLevel":0,"isNew":1},{"id":900092,"typeId":9,"iconUrl":"{base}/pants/900092.png","sex":1,"resourceId":"clothes_pants.69","price":60,"currency":1,"quantity":0,"clanLevel":0,"isNew":1},{"id":900093,"typeId":9,"iconUrl":"{base}/pants/900093.png","sex":1,"resourceId":"clothes_pants.68","price":80,"currency":1,"quantity":0,"clanLevel":0,"isNew":0},{"id":900094,"typeId":9,"iconUrl":"{base}/pants/900094.png","sex":2,"resourceId":"clothes_pants.68","price":80,"currency":1,"quantity":0,"clanLevel":0,"isNew":0},{"id":900095,"typeId":9,"iconUrl":"{base}/pants/900095.png","sex":2,"resourceId":"clothes_pants.69","price":60,"currency":1,"quantity":0,"clanLevel":0,"isNew":0},{"id":900096,"typeId":9,"iconUrl":"{base}/pants/900096.png","sex":1,"resourceId":"clothes_pants.70","price":80,"currency":1,"quantity":0,"clanLevel":0,"isNew":1},{"id":900097,"typeId":9,"iconUrl":"{base}/pants/900097.png","sex":2,"resourceId":"clothes_pants.72","price":80,"currency":1,"quantity":0,"clanLevel":0,"isNew":1},{"id":900098,"typeId":9,"iconUrl":"{base}/pants/900098.png","sex":1,"resourceId":"clothes_pants.72","price":80,"currency":1,"quantity":0,"clanLevel":0,"isNew":1},{"id":900099,"typeId":9,"iconUrl":"{base}/pants/900099.png","sex":1,"resourceId":"clothes_pants.73","price":130,"currency":1,"quantity":0,"clanLevel":0,"isNew":0},{"id":900100,"typeId":9,"iconUrl":"{base}/pants/900100.png","sex":1,"resourceId":"clothes_pants.74","price":4800,"currency":2,"quantity":0,"clanLevel":0,"isNew":1},{"id":900101,"typeId":9,"iconUrl":"{base}/pants/900101.png","sex":2,"resourceId":"clothes_pants.73","price":4800,"currency":2,"quantity":0,"clanLevel":0,"isNew":1},{"id":900102,"typeId":9,"iconUrl":"{base}/pants/900102.png","sex":1,"resourceId":"clothes_pants.75","price":4800,"currency":2,"quantity":0,"clanLevel":0,"isNew":1},{"id":900103,"typeId":9,"iconUrl":"{base}/pants/900103.png","sex":2,"resourceId":"clothes_pants.74","price":4800,"currency":2,"quantity":0,"clanLevel":0,"isNew":1},{"id":900104,"typeId":9,"iconUrl":"{base}/pants/900104.png","sex":1,"resourceId":"clothes_pants.76","price":80,"currency":1,"quantity":0,"clanLevel":0,"isNew":1},{"id":900105,"typeId":9,"iconUrl":"{base}/pants/900105.png","sex":2,"resourceId":"clothes_pants.75","price":80,"currency":1,"quantity":0,"clanLevel":0,"isNew":1},{"id":900106,"typeId":9,"iconUrl":"{base}/pants/900106.png","sex":1,"resourceId":"clothes_pants.77","price":80,"currency":1,"quantity":0,"clanLevel":0,"isNew":1},{"id":900107,"typeId":9,"iconUrl":"{base}/pants/900107.png","sex":2,"resourceId":"clothes_pants.76","price":80,"currency":1,"quantity":0,"clanLevel":0,"isNew":1},{"id":900108,"typeId":9,"iconUrl":"{base}/pants/900108.png","sex":1,"resourceId":"clothes_pants.78","price":80,"currency":1,"quantity":0,"clanLevel":0,"isNew":1},{"id":900109,"typeId":9,"iconUrl":"{base}/pants/900109.png","sex":2,"resourceId":"clothes_pants.77","price":80,"currency":1,"quantity":0,"clanLevel":0,"isNew":1},{"id":900110,"typeId":9,"iconUrl":"{base}/pants/900110.png","sex":0,"resourceId":"clothes_pants.79","price":80,"currency":1,"quantity":0,"clanLevel":0,"isNew":1},{"id":900111,"typeId":9,"iconUrl":"{base}/pants/900111.png","sex":2,"resourceId":"clothes_pants.81","price":0,"currency":1,"quantity":0,"clanLevel":0,"isNew":1},{"id":900112,"typeId":9,"iconUrl":"{base}/pants/900112.png","sex":1,"resourceId":"clothes_pants.82","price":0,"currency":1,"quantity":0,"clanLevel":0,"isNew":1},{"id":900113,"typeId":9,"iconUrl":"{base}/pants/900113.png","sex":2,"resourceId":"clothes_pants.71","price":0,"currency":1,"quantity":0,"clanLevel":0,"isNew":1},{"id":900114,"typeId":9,"iconUrl":"{base}/pants/900114.png","sex":1,"resourceId":"clothes_pants.71","price":0,"currency":1,"quantity":0,"clanLevel":0,"isNew":1},{"id":900115,"typeId":9,"iconUrl":"{base}/pants/900115.png","sex":2,"resourceId":"clothes_pants.80","price":0,"currency":2,"quantity":0,"clanLevel":0,"isNew":1},{"id":900116,"typeId":9,"iconUrl":"{base}/pants/900116.png","sex":2,"resourceId":"clothes_pants.78","price":0,"currency":2,"quantity":0,"clanLevel":0,"isNew":1},{"id":900117,"typeId":9,"iconUrl":"{base}/pants/900117.png","sex":1,"resourceId":"clothes_pants.81","price":0,"currency":2,"quantity":0,"clanLevel":0,"isNew":1},{"id":900118,"typeId":9,"iconUrl":"{base}/pants/900118.png","sex":1,"resourceId":"clothes_pants.80","price":0,"currency":2,"quantity":0,"clanLevel":0,"isNew":1},{"id":900119,"typeId":9,"iconUrl":"{base}/pants/900119.png","sex":1,"resourceId":"clothes_pants.87","price":4800,"currency":2,"quantity":0,"clanLevel":0,"isNew":1},{"id":900120,"typeId":9,"iconUrl":"{base}/pants/900120.png","sex":2,"resourceId":"clothes_pants.87","price":4800,"currency":2,"quantity":0,"clanLevel":0,"isNew":1},{"id":900121,"typeId":9,"iconUrl":"{base}/pants/900121.png","sex":1,"resourceId":"clothes_pants.86","price":4800,"currency":2,"quantity":0,"clanLevel":0,"isNew":1},{"id":900122,"typeId":9,"iconUrl":"{base}/pants/900122.png","sex":2,"resourceId":"clothes_pants.86","price":4800,"currency":2,"quantity":0,"clanLevel":0,"isNew":1},{"id":900123,"typeId":9,"iconUrl":"{base}/pants/900123.png","sex":1,"resourceId":"clothes_pants.84","price":80,"currency":1,"quantity":0,"clanLevel":0,"isNew":1},{"id":900124,"typeId":9,"iconUrl":"{base}/pants/900124.png","sex":2,"resourceId":"clothes_pants.84","price":80,"currency":1,"quantity":0,"clanLevel":0,"isNew":1},{"id":900125,"typeId":9,"iconUrl":"{base}/pants/900125.png","sex":1,"resourceId":"clothes_pants.85","price":80,"currency":1,"quantity":0,"clanLevel":0,"isNew":1},{"id":900126,"typeId":9,"iconUrl":"{base}/pants/900126.png","sex":2,"resourceId":"clothes_pants.83","price":80,"currency":1,"quantity":0,"clanLevel":0,"isNew":1},{"id":900127,"typeId":9,"iconUrl":"{base}/pants/900127.png","sex":1,"resourceId":"clothes_pants.83","price":60,"currency":1,"quantity":0,"clanLevel":0,"isNew":1},{"id":900128,"typeId":9,"iconUrl":"{base}/pants/900128.png","sex":2,"resourceId":"clothes_pants.82","price":60,"currency":1,"quantity":0,"clanLevel":0,"isNew":1},{"id":900129,"typeId":9,"iconUrl":"{base}/pants/900129.png","sex":1,"resourceId":"clothes_pants.88","price":80,"currency":1,"quantity":0,"clanLevel":0,"isNew":1},{"id":900130,"typeId":9,"iconUrl":"{base}/pants/900130.png","sex":2,"resourceId":"clothes_pants.85","price":80,"currency":1,"quantity":0,"clanLevel":0,"isNew":1},{"id":900131,"typeId":9,"iconUrl":"{base}/pants/900131.png","sex":1,"resourceId":"clothes_pants.89","price":0,"currency":1,"quantity":0,"clanLevel":0,"isNew":1},{"id":900132,"typeId":9,"iconUrl":"{base}/pants/900132.png","sex":2,"resourceId":"clothes_pants.88","price":0,"currency":1,"quantity":0,"clanLevel":0,"isNew":1},{"id":900133,"typeId":9,"iconUrl":"{base}/pants/900133.png","sex":1,"resourceId":"clothes_pants.90","price":0,"currency":1,"quantity":0,"clanLevel":0,"isNew":1},{"id":900134,"typeId":9,"iconUrl":"{base}/pants/900134.png","sex":2,"resourceId":"clothes_pants.89","price":0,"currency":1,"quantity":0,"clanLevel":0,"isNew":1},{"id":900135,"typeId":9,"iconUrl":"{base}/pants/900135.png","sex":2,"resourceId":"clothes_pants.90","price":0,"currency":1,"quantity":0,"clanLevel":0,"isNew":1},{"id":900136,"typeId":9,"iconUrl":"{base}/pants/900136.png","sex":1,"resourceId":"clothes_pants.91","price":0,"currency":1,"quantity":0,"clanLevel":0,"isNew":1},{"id":900137,"typeId":9,"iconUrl":"{base}/pants/900137.png","sex":1,"resourceId":"clothes_pants.95","price":130,"currency":1,"quantity":0,"clanLevel":0,"isNew":1},{"id":900138,"typeId":9,"iconUrl":"{base}/pants/900138.png","sex":2,"resourceId":"clothes_pants.94","price":130,"currency":1,"quantity":0,"clanLevel":0,"isNew":1},{"id":900139,"typeId":9,"iconUrl":"{base}/pants/900139.png","sex":1,"resourceId":"clothes_pants.96","price":60,"currency":1,"quantity":0,"clanLevel":0,"isNew":1},{"id":900140,"typeId":9,"iconUrl":"{base}/pants/900140.png","sex":2,"resourceId":"clothes_pants.95","price":60,"currency":1,"quantity":0,"clanLevel":0,"isNew":1},{"id":900141,"typeId":9,"iconUrl":"{base}/pants/900141.png","sex":1,"resourceId":"clothes_pants.93","price":0,"currency":1,"quantity":0,"clanLevel":0,"isNew":1},{"id":900142,"typeId":9,"iconUrl":"{base}/pants/900142.png","sex":2,"resourceId":"clothes_pants.92","price":0,"currency":1,"quantity":0,"clanLevel":0,"isNew":1},{"id":900143,"typeId":9,"iconUrl":"{base}/pants/900143.png","sex":1,"resourceId":"clothes_pants.92","price":0,"currency":1,"quantity":0,"clanLevel":0,"isNew":1},{"id":900144,"typeId":9,"iconUrl":"{base}/pants/900144.png","sex":2,"resourceId":"clothes_pants.91","price":0,"currency":1,"quantity":0,"clanLevel":0,"isNew":1},{"id":900145,"typeId":9,"iconUrl":"{base}/pants/900145.png","sex":1,"resourceId":"clothes_pants.94","price":6000,"currency":2,"quantity":0,"clanLevel":0,"isNew":1},{"id":900146,"typeId":9,"iconUrl":"{base}/pants/900146.png","sex":2,"resourceId":"clothes_pants.93","price":6000,"currency":2,"quantity":0,"clanLevel":0,"isNew":1},{"id":900147,"typeId":9,"iconUrl":"{base}/pants/900147.png","sex":1,"resourceId":"clothes_pants.97","price":60,"currency":1,"quantity":0,"clanLevel":0,"isNew":1},{"id":900148,"typeId":9,"iconUrl":"{base}/pants/900148.png","sex":2,"resourceId":"clothes_pants.96","price":60,"currency":1,"quantity":0,"clanLevel":0,"isNew":1},{"id":900149,"typeId":9,"iconUrl":"{base}/pants/900149.png","sex":2,"resourceId":"clothes_pants.98","price":60,"currency":1,"quantity":0,"clanLevel":0,"isNew":1},{"id":900150,"typeId":9,"iconUrl":"{base}/pants/900150.png","sex":1,"resourceId":"clothes_pants.99","price":60,"currency":1,"quantity":0,"clanLevel":0,"isNew":1},{"id":900151,"typeId":9,"iconUrl":"{base}/pants/900151.png","sex":1,"resourceId":"clothes_pants.98","price":80,"currency":1,"quantity":0,"clanLevel":0,"isNew":1},{"id":900152,"typeId":9,"iconUrl":"{base}/pants/900152.png","sex":2,"resourceId":"clothes_pants.97","price":100,"currency":1,"quantity":0,"clanLevel":0,"isNew":1},{"id":900153,"typeId":9,"iconUrl":"{base}/pants/900153.png","sex":1,"resourceId":"clothes_pants.100","price":60,"currency":1,"quantity":0,"clanLevel":0,"isNew":1},{"id":900154,"typeId":9,"iconUrl":"{base}/pants/900154.png","sex":1,"resourceId":"clothes_pants.101","price":130,"currency":1,"quantity":0,"clanLevel":0,"isNew":1},{"id":900155,"typeId":9,"iconUrl":"{base}/pants/900155.png","sex":2,"resourceId":"clothes_pants.99","price":60,"currency":1,"quantity":0,"clanLevel":0,"isNew":1},{"id":900156,"typeId":9,"iconUrl":"{base}/pants/900156.png","sex":1,"resourceId":"clothes_pants.102","price":60,"currency":1,"quantity":0,"clanLevel":0,"isNew":1},{"id":900157,"typeId":9,"iconUrl":"{base}/pants/900157.png","sex":2,"resourceId":"clothes_pants.101","price":60,"currency":1,"quantity":0,"clanLevel":0,"isNew":1},{"id":900158,"typeId":9,"iconUrl":"{base}/pants/900158.png","sex":1,"resourceId":"clothes_pants.103","price":80,"currency":1,"quantity":0,"clanLevel":0,"isNew":1},{"id":900159,"typeId":9,"iconUrl":"{base}/pants/900159.png","sex":2,"resourceId":"clothes_pants.102","price":80,"currency":1,"quantity":0,"clanLevel":0,"isNew":1},{"id":900160,"typeId":9,"iconUrl":"{base}/pants/900160.png","sex":1,"resourceId":"clothes_pants.105","price":130,"currency":1,"quantity":0,"clanLevel":0,"isNew":1},{"id":900161,"typeId":9,"iconUrl":"{base}/pants/900161.png","sex":2,"resourceId":"clothes_pants.104","price":130,"currency":1,"quantity":0,"clanLevel":0,"isNew":1},{"id":900162,"typeId":9,"iconUrl":"{base}/pants/900162.png","sex":1,"resourceId":"clothes_pants.104","price":130,"currency":1,"quantity":0,"clanLevel":0,"isNew":1},{"id":900163,"typeId":9,"iconUrl":"{base}/pants/900163.png","sex":2,"resourceId":"clothes_pants.103","price":130,"currency":1,"quantity":0,"clanLevel":0,"isNew":1},{"id":900164,"typeId":9,"iconUrl":"{base}/pants/900164.png","sex":1,"resourceId":"clothes_pants.106","price":130,"currency":1,"quantity":0,"clanLevel":0,"isNew":1},{"id":900165,"typeId":9,"iconUrl":"{base}/pants/900165.png","sex":2,"resourceId":"clothes_pants.105","price":130,"currency":1,"quantity":0,"clanLevel":0,"isNew":1},{"id":900166,"typeId":9,"iconUrl":"{base}/pants/900166.png","sex":1,"resourceId":"clothes_pants.107","price":130,"currency":1,"quantity":0,"clanLevel":0,"isNew":1},{"id":900167,"typeId":9,"iconUrl":"{base}/pants/900167.png","sex":2,"resourceId":"clothes_pants.106","price":130,"currency":1,"quantity":0,"clanLevel":0,"isNew":1},{"id":900168,"typeId":9,"iconUrl":"{base}/pants/900168.png","sex":1,"resourceId":"clothes_pants.108","price":0,"currency":1,"quantity":0,"clanLevel":0,"isNew":1},{"id":900169,"typeId":9,"iconUrl":"{base}/pants/900169.png","sex":2,"resourceId":"clothes_pants.107","price":0,"currency":1,"quantity":0,"clanLevel":0,"isNew":1},{"id":900170,"typeId":9,"iconUrl":"{base}/pants/900170.png","sex":1,"resourceId":"clothes_pants.109","price":0,"currency":1,"quantity":0,"clanLevel":0,"isNew":1},{"id":900171,"typeId":9,"iconUrl":"{base}/pants/900171.png","sex":2,"resourceId":"clothes_pants.108","price":0,"currency":1,"quantity":0,"clanLevel":0,"isNew":1},{"id":900172,"typeId":9,"iconUrl":"{base}/pants/900172.png","sex":1,"resourceId":"clothes_pants.110","price":0,"currency":1,"quantity":0,"clanLevel":0,"isNew":1},{"id":900173,"typeId":9,"iconUrl":"{base}/pants/900173.png","sex":2,"resourceId":"clothes_pants.109","price":0,"currency":1,"quantity":0,"clanLevel":0,"isNew":1},{"id":900174,"typeId":9,"iconUrl":"{base}/pants/900174.png","sex":1,"resourceId":"clothes_pants.111","price":0,"currency":1,"quantity":0,"clanLevel":0,"isNew":1},{"id":900175,"typeId":9,"iconUrl":"{base}/pants/900175.png","sex":2,"resourceId":"clothes_pants.110","price":0,"currency":1,"quantity":0,"clanLevel":0,"isNew":1},{"id":900176,"typeId":9,"iconUrl":"{base}/pants/900176.png","sex":1,"resourceId":"clothes_pants.112","price":1111,"currency":1,"quantity":0,"clanLevel":0,"isNew":1},{"id":900177,"typeId":9,"iconUrl":"{base}/pants/900177.png","sex":2,"resourceId":"clothes_pants.111","price":1111,"currency":1,"quantity":0,"clanLevel":0,"isNew":1},{"id":900178,"typeId":9,"iconUrl":"{base}/pants/900178.png","sex":1,"resourceId":"clothes_pants.113","price":0,"currency":1,"quantity":0,"clanLevel":0,"isNew":1}]