[{"id":1300001,"typeId":13,"iconUrl":"{base}/scarf/1300001.png","sex":0,"resourceId":"custom_scarf.2","price":120,"currency":1,"quantity":0,"clanLevel":0,"isNew":1},{"id":1300002,"typeId":13,"iconUrl":"{base}/scarf/1300002.png","sex":0,"resourceId":"custom_scarf.1","price":120,"currency":1,"quantity":0,"clanLevel":0,"isNew":1},{"id":1300003,"typeId":13,"iconUrl":"{base}/scarf/1300003.png","sex":0,"resourceId":"custom_scarf.6","price":0,"currency":0,"quantity":0,"clanLevel":0,"isNew":1},{"id":1300004,"typeId":13,"iconUrl":"{base}/scarf/1300004.png","sex":0,"resourceId":"custom_scarf.5","price":0,"currency":0,"quantity":0,"clanLevel":0,"isNew":1},{"id":1300005,"typeId":13,"iconUrl":"{base}/scarf/1300005.png","sex":0,"resourceId":"custom_scarf.4","price":0,"currency":0,"quantity":0,"clanLevel":0,"isNew":1},{"id":1300006,"typeId":13,"iconUrl":"{base}/scarf/1300006.png","sex":0,"resourceId":"custom_scarf.7","price":150,"currency":1,"quantity":0,"clanLevel":0,"isNew":1},{"id":1300007,"typeId":13,"iconUrl":"{base}/scarf/1300007.png","sex":2,"resourceId":"custom_scarf.8","price":80,"currency":1,"quantity":0,"clanLevel":0,"isNew":1},{"id":1300008,"typeId":13,"iconUrl":"{base}/scarf/1300008.png","sex":1,"resourceId":"custom_scarf.8","price":80,"currency":1,"quantity":0,"clanLevel":0,"isNew":1},{"id":1300009,"typeId":13,"iconUrl":"{base}/scarf/1300009.png","sex":1,"resourceId":"custom_scarf.9","price":130,"currency":1,"quantity":0,"clanLevel":0,"isNew":1},{"id":1300010,"typeId":13,"iconUrl":"{base}/scarf/1300010.png","sex":2,"resourceId":"custom_scarf.9","price":130,"currency":1,"quantity":0,"clanLevel":0,"isNew":1},{"id":1300011,"typeId":13,"iconUrl":"{base}/scarf/1300011.png","sex":2,"resourceId":"custom_scarf.11","price":0,"currency":1,"quantity":0,"clanLevel":0,"isNew":1},{"id":1300012,"typeId":13,"iconUrl":"{base}/scarf/1300012.png","sex":2,"resourceId":"custom_scarf.10","price":0,"currency":1,"quantity":0,"clanLevel":0,"isNew":1},{"id":1300013,"typeId":13,"iconUrl":"{base}/scarf/1300013.png","sex":1,"resourceId":"custom_scarf.11","price":0,"currency":1,"quantity":0,"clanLevel":0,"isNew":1},{"id":1300014,"typeId":13,"iconUrl":"{base}/scarf/1300014.png","sex":1,"resourceId":"custom_scarf.10","price":0,"currency":1,"quantity":0,"clanLevel":0,"isNew":1},{"id":1300015,"typeId":13,"iconUrl":"{base}/scarf/1300015.png","sex":1,"resourceId":"custom_scarf.12","price":60,"currency":1,"quantity":0,"clanLevel":0,"isNew":1},{"id":1300016,"typeId":13,"iconUrl":"{base}/scarf/1300016.png","sex":0,"resourceId":"custom_scarf.13","price":0,"currency":1,"quantity":0,"clanLevel":0,"isNew":1},{"id":1300017,"typeId":13,"iconUrl":"{base}/scarf/1300017.png","sex":0,"resourceId":"custom_scarf.14","price":0,"currency":1,"quantity":0,"clanLevel":0,"isNew":1},{"id":1300018,"typeId":13,"iconUrl":"{base}/scarf/1300018.png","sex":0,"resourceId":"custom_scarf.15","price":0,"currency":1,"quantity":0,"clanLevel":0,"isNew":1},{"id":1300019,"typeId":13,"iconUrl":"{base}/scarf/1300019.png","sex":0,"resourceId":"custom_scarf.16","price":0,"currency":1,"quantity":0,"clanLevel":0,"isNew":1},{"id":1300020,"typeId":13,"iconUrl":"{base}/scarf/1300020.png","sex":0,"resourceId":"custom_scarf.17","price":0,"currency":1,"quantity":0,"clanLevel":0,"isNew":1},{"id":1300021,"typeId":13,"iconUrl":"{base}/scarf/1300021.png","sex":0,"resourceId":"custom_scarf.18","price":0,"currency":1,"quantity":0,"clanLevel":0,"isNew":1},{"id":1300022,"typeId":13,"iconUrl":"{base}/scarf/1300022.png","sex":0,"resourceId":"custom_scarf.19","price":0,"currency":1,"quantity":0,"clanLevel":0,"isNew":1},{"id":1300023,"typeId":13,"iconUrl":"{base}/scarf/1300023.png","sex":2,"resourceId":"custom_scarf.12","price":0,"currency":1,"quantity":0,"clanLevel":0,"isNew":1},{"id":1300024,"typeId":13,"iconUrl":"{base}/scarf/1300024.png","sex":1,"resourceId":"custom_scarf.20","price":0,"currency":1,"quantity":0,"clanLevel":0,"isNew":1},{"id":1300025,"typeId":13,"iconUrl":"{base}/scarf/1300025.png","sex":2,"resourceId":"custom_scarf.20","price":130,"currency":1,"quantity":0,"clanLevel":0,"isNew":1},{"id":1300026,"typeId":13,"iconUrl":"{base}/scarf/1300026.png","sex":1,"resourceId":"custom_scarf.21","price":50,"currency":1,"quantity":0,"clanLevel":0,"isNew":1},{"id":1300027,"typeId":13,"iconUrl":"{base}/scarf/1300027.png","sex":2,"resourceId":"custom_scarf.21","price":50,"currency":1,"quantity":0,"clanLevel":0,"isNew":1},{"id":1300028,"typeId":13,"iconUrl":"{base}/scarf/1300028.png","sex":1,"resourceId":"custom_scarf.22","price":60,"currency":1,"quantity":0,"clanLevel":0,"isNew":1},{"id":1300029,"typeId":13,"iconUrl":"{base}/scarf/1300029.png","sex":1,"resourceId":"custom_scarf.23","price":130,"currency":1,"quantity":0,"clanLevel":0,"isNew":1},{"id":1300030,"typeId":13,"iconUrl":"{base}/scarf/1300030.png","sex":2,"resourceId":"custom_scarf.22","price":50,"currency":1,"quantity":0,"clanLevel":0,"isNew":1},{"id":1300031,"typeId":13,"iconUrl":"{base}/scarf/1300031.png","sex":1,"resourceId":"custom_scarf.24","price":0,"currency":1,"quantity":0,"clanLevel":0,"isNew":1},{"id":1300032,"typeId":13,"iconUrl":"{base}/scarf/1300032.png","sex":0,"resourceId":"custom_scarf.25","price":0,"currency":1,"quantity":0,"clanLevel":0,"isNew":1},{"id":1300033,"typeId":13,"iconUrl":"{base}/scarf/1300033.png","sex":1,"resourceId":"custom_scarf.26","price":0,"currency":1,"quantity":0,"clanLevel":0,"isNew":1}]