[{"id":1000001,"typeId":10,"iconUrl":"{base}/shoes/1000001.png","sex":0,"resourceId":"custom_shoes.2","price":0,"currency":0,"quantity":0,"clanLevel":0,"isNew":0},{"id":1000002,"typeId":10,"iconUrl":"{base}/shoes/1000002.png","sex":0,"resourceId":"custom_shoes.3","price":0,"currency":0,"quantity":0,"clanLevel":0,"isNew":0},{"id":1000003,"typeId":10,"iconUrl":"{base}/shoes/1000003.png","sex":0,"resourceId":"custom_shoes.4","price":0,"currency":0,"quantity":0,"clanLevel":0,"isNew":0},{"id":1000004,"typeId":10,"iconUrl":"{base}/shoes/1000004.png","sex":0,"resourceId":"custom_shoes.7","price":2000,"currency":2,"quantity":0,"clanLevel":0,"isNew":1},{"id":1000005,"typeId":10,"iconUrl":"{base}/shoes/1000005.png","sex":0,"resourceId":"custom_shoes.6","price":60,"currency":1,"quantity":0,"clanLevel":0,"isNew":1},{"id":1000006,"typeId":10,"iconUrl":"{base}/shoes/1000006.png","sex":0,"resourceId":"custom_shoes.5","price":2000,"currency":2,"quantity":0,"clanLevel":0,"isNew":1},{"id":1000007,"typeId":10,"iconUrl":"{base}/shoes/1000007.png","sex":1,"resourceId":"custom_shoes.9","price":30,"currency":1,"quantity":0,"clanLevel":0,"isNew":1},{"id":1000008,"typeId":10,"iconUrl":"{base}/shoes/1000008.png","sex":1,"resourceId":"custom_shoes.10","price":30,"currency":1,"quantity":0,"clanLevel":0,"isNew":1},{"id":1000009,"typeId":10,"iconUrl":"{base}/shoes/1000009.png","sex":1,"resourceId":"custom_shoes.11","price":30,"currency":1,"quantity":0,"clanLevel":0,"isNew":1},{"id":1000010,"typeId":10,"iconUrl":"{base}/shoes/1000010.png","sex":1,"resourceId":"custom_shoes.13","price":60,"currency":1,"quantity":0,"clanLevel":0,"isNew":1},{"id":1000011,"typeId":10,"iconUrl":"{base}/shoes/1000011.png","sex":0,"resourceId":"custom_shoes.3004","price":2700,"currency":1,"quantity":0,"clanLevel":9,"isNew":1},{"id":1000012,"typeId":10,"iconUrl":"{base}/shoes/1000012.png","sex":0,"resourceId":"custom_shoes.3003","price":1800,"currency":1,"quantity":0,"clanLevel":4,"isNew":1},{"id":1000013,"typeId":10,"iconUrl":"{base}/shoes/1000013.png","sex":0,"resourceId":"custom_shoes.3002","price":2160,"currency":1,"quantity":0,"clanLevel":3,"isNew":1},{"id":1000014,"typeId":10,"iconUrl":"{base}/shoes/1000014.png","sex":0,"resourceId":"custom_shoes.3001","price":1800,"currency":1,"quantity":0,"clanLevel":1,"isNew":1},{"id":1000015,"typeId":10,"iconUrl":"{base}/shoes/1000015.png","sex":0,"resourceId":"custom_shoes.16","price":3000,"currency":2,"quantity":0,"clanLevel":0,"isNew":1},{"id":1000016,"typeId":10,"iconUrl":"{base}/shoes/1000016.png","sex":0,"resourceId":"custom_shoes.15","price":3000,"currency":2,"quantity":0,"clanLevel":0,"isNew":1},{"id":1000017,"typeId":10,"iconUrl":"{base}/shoes/1000017.png","sex":0,"resourceId":"custom_shoes.14","price":3000,"currency":2,"quantity":0,"clanLevel":0,"isNew":1},{"id":1000018,"typeId":10,"iconUrl":"{base}/shoes/1000018.png","sex":0,"resourceId":"custom_shoes.17","price":4000,"currency":2,"quantity":0,"clanLevel":0,"isNew":1},{"id":1000019,"typeId":10,"iconUrl":"{base}/shoes/1000019.png","sex":0,"resourceId":"custom_shoes.8","price":60,"currency":1,"quantity":0,"clanLevel":0,"isNew":1},{"id":1000020,"typeId":10,"iconUrl":"{base}/shoes/1000020.png","sex":2,"resourceId":"custom_shoes.24","price":1200,"currency":2,"quantity":0,"clanLevel":0,"isNew":0},{"id":1000021,"typeId":10,"iconUrl":"{base}/shoes/1000021.png","sex":2,"resourceId":"custom_shoes.23","price":20,"currency":1,"quantity":0,"clanLevel":0,"isNew":1},{"id":1000022,"typeId":10,"iconUrl":"{base}/shoes/1000022.png","sex":1,"resourceId":"custom_shoes.23","price":1200,"currency":2,"quantity":0,"clanLevel":0,"isNew":1},{"id":1000023,"typeId":10,"iconUrl":"{base}/shoes/1000023.png","sex":1,"resourceId":"custom_shoes.24","price":20,"currency":1,"quantity":0,"clanLevel":0,"isNew":1},{"id":1000024,"typeId":10,"iconUrl":"{base}/shoes/1000024.png","sex":2,"resourceId":"custom_shoes.26","price":20,"currency":1,"quantity":0,"clanLevel":0,"isNew":1},{"id":1000025,"typeId":10,"iconUrl":"{base}/shoes/1000025.png","sex":1,"resourceId":"custom_shoes.26","price":20,"currency":1,"quantity":0,"clanLevel":0,"isNew":1},{"id":1000026,"typeId":10,"iconUrl":"{base}/shoes/1000026.png","sex":2,"resourceId":"custom_shoes.25","price":1200,"currency":2,"quantity":0,"clanLevel":0,"isNew":1},{"id":1000027,"typeId":10,"iconUrl":"{base}/shoes/1000027.png","sex":1,"resourceId":"custom_shoes.25","price":1200,"currency":2,"quantity":0,"clanLevel":0,"isNew":1},{"id":1000028,"typeId":10,"iconUrl":"{base}/shoes/1000028.png","sex":0,"resourceId":"custom_shoes.21","price":40,"currency":1,"quantity":0,"clanLevel":0,"isNew":1},{"id":1000029,"typeId":10,"iconUrl":"{base}/shoes/1000029.png","sex":0,"resourceId":"custom_shoes.22","price":60,"currency":1,"quantity":0,"clanLevel":0,"isNew":1},{"id":1000030,"typeId":10,"iconUrl":"{base}/shoes/1000030.png","sex":1,"resourceId":"custom_shoes.27","price":3000,"currency":2,"quantity":0,"clanLevel":0,"isNew":1},{"id":1000031,"typeId":10,"iconUrl":"{base}/shoes/1000031.png","sex":1,"resourceId":"custom_shoes.28","price":9999,"currency":1,"quantity":0,"clanLevel":0,"isNew":1},{"id":1000032,"typeId":10,"iconUrl":"{base}/shoes/1000032.png","sex":2,"resourceId":"custom_shoes.9","price":9999,"currency":1,"quantity":0,"clanLevel":0,"isNew":1},{"id":1000033,"typeId":10,"iconUrl":"{base}/shoes/1000033.png","sex":1,"resourceId":"custom_shoes.29","price":2000,"currency":2,"quantity":0,"clanLevel":0,"isNew":1},{"id":1000034,"typeId":10,"iconUrl":"{base}/shoes/1000034.png","sex":2,"resourceId":"custom_shoes.28","price":2000,"currency":2,"quantity":0,"clanLevel":0,"isNew":1},{"id":1000035,"typeId":10,"iconUrl":"{base}/shoes/1000035.png","sex":2,"resourceId":"custom_shoes.27","price":30,"currency":1,"quantity":0,"clanLevel":0,"isNew":1},{"id":1000036,"typeId":10,"iconUrl":"{base}/shoes/1000036.png","sex":1,"resourceId":"custom_shoes.31","price":60,"currency":1,"quantity":0,"clanLevel":0,"isNew":1},{"id":1000037,"typeId":10,"iconUrl":"{base}/shoes/1000037.png","sex":2,"resourceId":"custom_shoes.30","price":60,"currency":1,"quantity":0,"clanLevel":0,"isNew":0},{"id":1000038,"typeId":10,"iconUrl":"{base}/shoes/1000038.png","sex":1,"resourceId":"custom_shoes.32","price":30,"currency":1,"quantity":0,"clanLevel":0,"isNew":0},{"id":1000039,"typeId":10,"iconUrl":"{base}/shoes/1000039.png","sex":1,"resourceId":"custom_shoes.33","price":30,"currency":1,"quantity":0,"clanLevel":0,"isNew":1},{"id":1000040,"typeId":10,"iconUrl":"{base}/shoes/1000040.png","sex":2,"resourceId":"custom_shoes.32","price":30,"currency":1,"quantity":0,"clanLevel":0,"isNew":0},{"id":1000041,"typeId":10,"iconUrl":"{base}/shoes/1000041.png","sex":2,"resourceId":"custom_shoes.31","price":30,"currency":1,"quantity":0,"clanLevel":0,"isNew":0},{"id":1000042,"typeId":10,"iconUrl":"{base}/shoes/1000042.png","sex":1,"resourceId":"custom_shoes.34","price":30,"currency":1,"quantity":0,"clanLevel":0,"isNew":1},{"id":1000043,"typeId":10,"iconUrl":"{base}/shoes/1000043.png","sex":2,"resourceId":"custom_shoes.34","price":20,"currency":1,"quantity":0,"clanLevel":0,"isNew":1},{"id":1000044,"typeId":10,"iconUrl":"{base}/shoes/1000044.png","sex":1,"resourceId":"custom_shoes.36","price":20,"currency":1,"quantity":0,"clanLevel":0,"isNew":1},{"id":1000045,"typeId":10,"iconUrl":"{base}/shoes/1000045.png","sex":2,"resourceId":"custom_shoes.35","price":30,"currency":1,"quantity":0,"clanLevel":0,"isNew":1},{"id":1000046,"typeId":10,"iconUrl":"{base}/shoes/1000046.png","sex":1,"resourceId":"custom_shoes.37","price":30,"currency":1,"quantity":0,"clanLevel":0,"isNew":0},{"id":1000047,"typeId":10,"iconUrl":"{base}/shoes/1000047.png","sex":1,"resourceId":"custom_shoes.38","price":60,"currency":1,"quantity":0,"clanLevel":0,"isNew":1},{"id":1000048,"typeId":10,"iconUrl":"{base}/shoes/1000048.png","sex":2,"resourceId":"custom_shoes.36","price":60,"currency":1,"quantity":0,"clanLevel":0,"isNew":1},{"id":1000049,"typeId":10,"iconUrl":"{base}/shoes/1000049.png","sex":2,"resourceId":"custom_shoes.37","price":30,"currency":1,"quantity":0,"clanLevel":0,"isNew":1},{"id":1000050,"typeId":10,"iconUrl":"{base}/shoes/1000050.png","sex":1,"resourceId":"custom_shoes.39","price":30,"currency":1,"quantity":0,"clanLevel":0,"isNew":1},{"id":1000051,"typeId":10,"iconUrl":"{base}/shoes/1000051.png","sex":1,"resourceId":"custom_shoes.40","price":3000,"currency":2,"quantity":0,"clanLevel":0,"isNew":1},{"id":1000052,"typeId":10,"iconUrl":"{base}/shoes/1000052.png","sex":2,"resourceId":"custom_shoes.38","price":3000,"currency":2,"quantity":0,"clanLevel":0,"isNew":1},{"id":1000053,"typeId":10,"iconUrl":"{base}/shoes/1000053.png","sex":1,"resourceId":"custom_shoes.41","price":3000,"currency":2,"quantity":0,"clanLevel":0,"isNew":1},{"id":1000054,"typeId":10,"iconUrl":"{base}/shoes/1000054.png","sex":2,"resourceId":"custom_shoes.39","price":3000,"currency":2,"quantity":0,"clanLevel":0,"isNew":1},{"id":1000055,"typeId":10,"iconUrl":"{base}/shoes/1000055.png","sex":1,"resourceId":"custom_shoes.42","price":30,"currency":1,"quantity":0,"clanLevel":0,"isNew":1},{"id":1000056,"typeId":10,"iconUrl":"{base}/shoes/1000056.png","sex":2,"resourceId":"custom_shoes.40","price":30,"currency":1,"quantity":0,"clanLevel":0,"isNew":1},{"id":1000057,"typeId":10,"iconUrl":"{base}/shoes/1000057.png","sex":1,"resourceId":"custom_shoes.43","price":30,"currency":1,"quantity":0,"clanLevel":0,"isNew":1},{"id":1000058,"typeId":10,"iconUrl":"{base}/shoes/1000058.png","sex":2,"resourceId":"custom_shoes.41","price":30,"currency":1,"quantity":0,"clanLevel":0,"isNew":1},{"id":1000059,"typeId":10,"iconUrl":"{base}/shoes/1000059.png","sex":1,"resourceId":"custom_shoes.44","price":60,"currency":1,"quantity":0,"clanLevel":0,"isNew":1},{"id":1000060,"typeId":10,"iconUrl":"{base}/shoes/1000060.png","sex":2,"resourceId":"custom_shoes.42","price":60,"currency":1,"quantity":0,"clanLevel":0,"isNew":1},{"id":1000061,"typeId":10,"iconUrl":"{base}/shoes/1000061.png","sex":0,"resourceId":"custom_shoes.45","price":60,"currency":1,"quantity":0,"clanLevel":0,"isNew":1},{"id":1000062,"typeId":10,"iconUrl":"{base}/shoes/1000062.png","sex":2,"resourceId":"custom_shoes.47","price":0,"currency":1,"quantity":0,"clanLevel":0,"isNew":1},{"id":1000063,"typeId":10,"iconUrl":"{base}/shoes/1000063.png","sex":1,"resourceId":"custom_shoes.48","price":0,"currency":1,"quantity":0,"clanLevel":0,"isNew":1},{"id":1000064,"typeId":10,"iconUrl":"{base}/shoes/1000064.png","sex":2,"resourceId":"custom_shoes.33","price":0,"currency":1,"quantity":0,"clanLevel":0,"isNew":1},{"id":1000065,"typeId":10,"iconUrl":"{base}/shoes/1000065.png","sex":1,"resourceId":"custom_shoes.35","price":0,"currency":1,"quantity":0,"clanLevel":0,"isNew":1},{"id":1000066,"typeId":10,"iconUrl":"{base}/shoes/1000066.png","sex":2,"resourceId":"custom_shoes.46","price":0,"currency":2,"quantity":0,"clanLevel":0,"isNew":1},{"id":1000067,"typeId":10,"iconUrl":"{base}/shoes/1000067.png","sex":2,"resourceId":"custom_shoes.44","price":0,"currency":2,"quantity":0,"clanLevel":0,"isNew":1},{"id":1000068,"typeId":10,"iconUrl":"{base}/shoes/1000068.png","sex":1,"resourceId":"custom_shoes.47","price":0,"currency":2,"quantity":0,"clanLevel":0,"isNew":1},{"id":1000069,"typeId":10,"iconUrl":"{base}/shoes/1000069.png","sex":1,"resourceId":"custom_shoes.46","price":0,"currency":2,"quantity":0,"clanLevel":0,"isNew":1},{"id":1000070,"typeId":10,"iconUrl":"{base}/shoes/1000070.png","sex":1,"resourceId":"custom_shoes.53","price":3000,"currency":2,"quantity":0,"clanLevel":0,"isNew":1},{"id":1000071,"typeId":10,"iconUrl":"{base}/shoes/1000071.png","sex":2,"resourceId":"custom_shoes.53","price":3000,"currency":2,"quantity":0,"clanLevel":0,"isNew":1},{"id":1000072,"typeId":10,"iconUrl":"{base}/shoes/1000072.png","sex":1,"resourceId":"custom_shoes.52","price":3000,"currency":2,"quantity":0,"clanLevel":0,"isNew":1},{"id":1000073,"typeId":10,"iconUrl":"{base}/shoes/1000073.png","sex":2,"resourceId":"custom_shoes.52","price":3000,"currency":2,"quantity":0,"clanLevel":0,"isNew":1},{"id":1000074,"typeId":10,"iconUrl":"{base}/shoes/1000074.png","sex":1,"resourceId":"custom_shoes.50","price":30,"currency":1,"quantity":0,"clanLevel":0,"isNew":1},{"id":1000075,"typeId":10,"iconUrl":"{base}/shoes/1000075.png","sex":2,"resourceId":"custom_shoes.50","price":30,"currency":1,"quantity":0,"clanLevel":0,"isNew":1},{"id":1000076,"typeId":10,"iconUrl":"{base}/shoes/1000076.png","sex":1,"resourceId":"custom_shoes.51","price":30,"currency":1,"quantity":0,"clanLevel":0,"isNew":1},{"id":1000077,"typeId":10,"iconUrl":"{base}/shoes/1000077.png","sex":2,"resourceId":"custom_shoes.49","price":30,"currency":1,"quantity":0,"clanLevel":0,"isNew":1},{"id":1000078,"typeId":10,"iconUrl":"{base}/shoes/1000078.png","sex":1,"resourceId":"custom_shoes.49","price":30,"currency":1,"quantity":0,"clanLevel":0,"isNew":1},{"id":1000079,"typeId":10,"iconUrl":"{base}/shoes/1000079.png","sex":2,"resourceId":"custom_shoes.48","price":30,"currency":1,"quantity":0,"clanLevel":0,"isNew":1},{"id":1000080,"typeId":10,"iconUrl":"{base}/shoes/1000080.png","sex":1,"resourceId":"custom_shoes.54","price":30,"currency":1,"quantity":0,"clanLevel":0,"isNew":1},{"id":1000081,"typeId":10,"iconUrl":"{base}/shoes/1000081.png","sex":2,"resourceId":"custom_shoes.51","price":30,"currency":1,"quantity":0,"clanLevel":0,"isNew":1},{"id":1000082,"typeId":10,"iconUrl":"{base}/shoes/1000082.png","sex":1,"resourceId":"custom_shoes.55","price":0,"currency":1,"quantity":0,"clanLevel":0,"isNew":1},{"id":1000083,"typeId":10,"iconUrl":"{base}/shoes/1000083.png","sex":2,"resourceId":"custom_shoes.54","price":0,"currency":1,"quantity":0,"clanLevel":0,"isNew":1},{"id":1000084,"typeId":10,"iconUrl":"{base}/shoes/1000084.png","sex":1,"resourceId":"custom_shoes.56","price":0,"currency":1,"quantity":0,"clanLevel":0,"isNew":1},{"id":1000085,"typeId":10,"iconUrl":"{base}/shoes/1000085.png","sex":2,"resourceId":"custom_shoes.55","price":0,"currency":1,"quantity":0,"clanLevel":0,"isNew":1},{"id":1000086,"typeId":10,"iconUrl":"{base}/shoes/1000086.png","sex":2,"resourceId":"custom_shoes.56","price":0,"currency":1,"quantity":0,"clanLevel":0,"isNew":1},{"id":1000087,"typeId":10,"iconUrl":"{base}/shoes/1000087.png","sex":1,"resourceId":"custom_shoes.57","price":0,"currency":1,"quantity":0,"clanLevel":0,"isNew":1},{"id":1000088,"typeId":10,"iconUrl":"{base}/shoes/1000088.png","sex":1,"resourceId":"custom_shoes.62","price":30,"currency":1,"quantity":0,"clanLevel":0,"isNew":1},{"id":1000089,"typeId":10,"iconUrl":"{base}/shoes/1000089.png","sex":2,"resourceId":"custom_shoes.61","price":30,"currency":1,"quantity":0,"clanLevel":0,"isNew":1},{"id":1000090,"typeId":10,"iconUrl":"{base}/shoes/1000090.png","sex":1,"resourceId":"custom_shoes.63","price":30,"currency":1,"quantity":0,"clanLevel":0,"isNew":1},{"id":1000091,"typeId":10,"iconUrl":"{base}/shoes/1000091.png","sex":2,"resourceId":"custom_shoes.62","price":30,"currency":1,"quantity":0,"clanLevel":0,"isNew":1},{"id":1000092,"typeId":10,"iconUrl":"{base}/shoes/1000092.png","sex":1,"resourceId":"custom_shoes.59","price":0,"currency":1,"quantity":0,"clanLevel":0,"isNew":1},{"id":1000093,"typeId":10,"iconUrl":"{base}/shoes/1000093.png","sex":2,"resourceId":"custom_shoes.58","price":0,"currency":1,"quantity":0,"clanLevel":0,"isNew":1},{"id":1000094,"typeId":10,"iconUrl":"{base}/shoes/1000094.png","sex":1,"resourceId":"custom_shoes.58","price":0,"currency":1,"quantity":0,"clanLevel":0,"isNew":1},{"id":1000095,"typeId":10,"iconUrl":"{base}/shoes/1000095.png","sex":2,"resourceId":"custom_shoes.57","price":0,"currency":1,"quantity":0,"clanLevel":0,"isNew":1},{"id":1000096,"typeId":10,"iconUrl":"{base}/shoes/1000096.png","sex":1,"resourceId":"custom_shoes.60","price":4800,"currency":2,"quantity":0,"clanLevel":0,"isNew":1},{"id":1000097,"typeId":10,"iconUrl":"{base}/shoes/1000097.png","sex":2,"resourceId":"custom_shoes.59","price":4800,"currency":2,"quantity":0,"clanLevel":0,"isNew":1},{"id":1000098,"typeId":10,"iconUrl":"{base}/shoes/1000098.png","sex":1,"resourceId":"custom_shoes.61","price":0,"currency":1,"quantity":0,"clanLevel":0,"isNew":1},{"id":1000099,"typeId":10,"iconUrl":"{base}/shoes/1000099.png","sex":2,"resourceId":"custom_shoes.60","price":0,"currency":1,"quantity":0,"clanLevel":0,"isNew":1},{"id":1000100,"typeId":10,"iconUrl":"{base}/shoes/1000100.png","sex":2,"resourceId":"custom_shoes.64","price":30,"currency":1,"quantity":0,"clanLevel":0,"isNew":1},{"id":1000101,"typeId":10,"iconUrl":"{base}/shoes/1000101.png","sex":1,"resourceId":"custom_shoes.65","price":30,"currency":1,"quantity":0,"clanLevel":0,"isNew":1},{"id":1000102,"typeId":10,"iconUrl":"{base}/shoes/1000102.png","sex":2,"resourceId":"custom_shoes.63","price":60,"currency":1,"quantity":0,"clanLevel":0,"isNew":1},{"id":1000103,"typeId":10,"iconUrl":"{base}/shoes/1000103.png","sex":1,"resourceId":"custom_shoes.64","price":60,"currency":1,"quantity":0,"clanLevel":0,"isNew":1},{"id":1000104,"typeId":10,"iconUrl":"{base}/shoes/1000104.png","sex":2,"resourceId":"custom_shoes.66","price":60,"currency":1,"quantity":0,"clanLevel":0,"isNew":1},{"id":1000105,"typeId":10,"iconUrl":"{base}/shoes/1000105.png","sex":1,"resourceId":"custom_shoes.67","price":60,"currency":1,"quantity":0,"clanLevel":0,"isNew":1},{"id":1000106,"typeId":10,"iconUrl":"{base}/shoes/1000106.png","sex":1,"resourceId":"custom_shoes.66","price":30,"currency":1,"quantity":0,"clanLevel":0,"isNew":1},{"id":1000107,"typeId":10,"iconUrl":"{base}/shoes/1000107.png","sex":2,"resourceId":"custom_shoes.65","price":30,"currency":1,"quantity":0,"clanLevel":0,"isNew":1},{"id":1000108,"typeId":10,"iconUrl":"{base}/shoes/1000108.png","sex":1,"resourceId":"custom_shoes.68","price":30,"currency":1,"quantity":0,"clanLevel":0,"isNew":1},{"id":1000109,"typeId":10,"iconUrl":"{base}/shoes/1000109.png","sex":1,"resourceId":"custom_shoes.69","price":30,"currency":1,"quantity":0,"clanLevel":0,"isNew":1},{"id":1000110,"typeId":10,"iconUrl":"{base}/shoes/1000110.png","sex":2,"resourceId":"custom_shoes.67","price":30,"currency":1,"quantity":0,"clanLevel":0,"isNew":1},{"id":1000111,"typeId":10,"iconUrl":"{base}/shoes/1000111.png","sex":1,"resourceId":"custom_shoes.70","price":30,"currency":1,"quantity":0,"clanLevel":0,"isNew":1},{"id":1000112,"typeId":10,"iconUrl":"{base}/shoes/1000112.png","sex":2,"resourceId":"custom_shoes.68","price":30,"currency":1,"quantity":0,"clanLevel":0,"isNew":1},{"id":1000113,"typeId":10,"iconUrl":"{base}/shoes/1000113.png","sex":1,"resourceId":"custom_shoes.71","price":30,"currency":1,"quantity":0,"clanLevel":0,"isNew":1},{"id":1000114,"typeId":10,"iconUrl":"{base}/shoes/1000114.png","sex":2,"resourceId":"custom_shoes.69","price":30,"currency":1,"quantity":0,"clanLevel":0,"isNew":1},{"id":1000115,"typeId":10,"iconUrl":"{base}/shoes/1000115.png","sex":1,"resourceId":"custom_shoes.74","price":30,"currency":1,"quantity":0,"clanLevel":0,"isNew":1},{"id":1000116,"typeId":10,"iconUrl":"{base}/shoes/1000116.png","sex":2,"resourceId":"custom_shoes.71","price":30,"currency":1,"quantity":0,"clanLevel":0,"isNew":1},{"id":1000117,"typeId":10,"iconUrl":"{base}/shoes/1000117.png","sex":1,"resourceId":"custom_shoes.73","price":30,"currency":1,"quantity":0,"clanLevel":0,"isNew":1},{"id":1000118,"typeId":10,"iconUrl":"{base}/shoes/1000118.png","sex":2,"resourceId":"custom_shoes.70","price":30,"currency":1,"quantity":0,"clanLevel":0,"isNew":1},{"id":1000119,"typeId":10,"iconUrl":"{base}/shoes/1000119.png","sex":1,"resourceId":"custom_shoes.76","price":30,"currency":1,"quantity":0,"clanLevel":0,"isNew":1},{"id":1000120,"typeId":10,"iconUrl":"{base}/shoes/1000120.png","sex":2,"resourceId":"custom_shoes.72","price":30,"currency":1,"quantity":0,"clanLevel":0,"isNew":1},{"id":1000121,"typeId":10,"iconUrl":"{base}/shoes/1000121.png","sex":1,"resourceId":"custom_shoes.77","price":60,"currency":1,"quantity":0,"clanLevel":0,"isNew":1},{"id":1000122,"typeId":10,"iconUrl":"{base}/shoes/1000122.png","sex":2,"resourceId":"custom_shoes.73","price":60,"currency":1,"quantity":0,"clanLevel":0,"isNew":1},{"id":1000123,"typeId":10,"iconUrl":"{base}/shoes/1000123.png","sex":1,"resourceId":"custom_shoes.78","price":0,"currency":1,"quantity":0,"clanLevel":0,"isNew":1},{"id":1000124,"typeId":10,"iconUrl":"{base}/shoes/1000124.png","sex":2,"resourceId":"custom_shoes.74","price":0,"currency":1,"quantity":0,"clanLevel":0,"isNew":1},{"id":1000125,"typeId":10,"iconUrl":"{base}/shoes/1000125.png","sex":1,"resourceId":"custom_shoes.79","price":0,"currency":1,"quantity":0,"clanLevel":0,"isNew":1},{"id":1000126,"typeId":10,"iconUrl":"{base}/shoes/1000126.png","sex":2,"resourceId":"custom_shoes.75","price":0,"currency":1,"quantity":0,"clanLevel":0,"isNew":1},{"id":1000127,"typeId":10,"iconUrl":"{base}/shoes/1000127.png","sex":2,"resourceId":"custom_shoes.76","price":0,"currency":1,"quantity":0,"clanLevel":0,"isNew":1},{"id":1000128,"typeId":10,"iconUrl":"{base}/shoes/1000128.png","sex":1,"resourceId":"custom_shoes.80","price":0,"currency":1,"quantity":0,"clanLevel":0,"isNew":1},{"id":1000129,"typeId":10,"iconUrl":"{base}/shoes/1000129.png","sex":1,"resourceId":"custom_shoes.81","price":0,"currency":1,"quantity":0,"clanLevel":0,"isNew":1},{"id":1000130,"typeId":10,"iconUrl":"{base}/shoes/1000130.png","sex":2,"resourceId":"custom_shoes.77","price":0,"currency":1,"quantity":0,"clanLevel":0,"isNew":1},{"id":1000131,"typeId":10,"iconUrl":"{base}/shoes/1000131.png","sex":2,"resourceId":"custom_shoes.78","price":1111,"currency":1,"quantity":0,"clanLevel":0,"isNew":1},{"id":1000132,"typeId":10,"iconUrl":"{base}/shoes/1000132.png","sex":1,"resourceId":"custom_shoes.82","price":1111,"currency":1,"quantity":0,"clanLevel":0,"isNew":1},{"id":1000133,"typeId":10,"iconUrl":"{base}/shoes/1000133.png","sex":1,"resourceId":"custom_shoes.83","price":0,"currency":1,"quantity":0,"clanLevel":0,"isNew":1},{"id":1000134,"typeId":10,"iconUrl":"{base}/shoes/1000134.png","sex":2,"resourceId":"custom_shoes.79","price":0,"currency":1,"quantity":0,"clanLevel":0,"isNew":1}]