[
    {
      "id": 4,
      "typeId": 8,
      "camera": "top",
      "name": "Mechanic Top",
      "iconUrl": "http://staticgs.sandboxol.com/sandbox/dresses/iconsclothes_tops.2.clothes_tops.1513395613995.2",
      "status": 0,
      "sex": 0,
      "tag": [],
      "resourceId": "clothes_tops.2",
      "details": "Mechanic Top",
      "expire": 0,
      "type": 0,
      "clanLevel": 0,
      "vip": 0,
      "occupyPosition": [
        12
      ],
      "isFree": 1
    },
        {
      "id": 260,
      "typeId": 8,
      "camera": "top",
      "name": "Mechanic Top",
      "iconUrl": "http://staticgs.sandboxol.com/sandbox/dresses/iconsclothes_pants.34.clothes_pants.1531284766986.34",
      "status": 0,
      "sex": 0,
      "tag": [],
      "resourceId": "clothes_pants.34",
      "details": "Mechanic Top",
      "expire": 0,
      "type": 0,
      "clanLevel": 0,
      "vip": 0,
      "occupyPosition": [
        12
      ],
      "isFree": 1
    },
        {
      "id": 259,
      "typeId": 8,
      "camera": "top",
      "name": "Mechanic Top",
      "iconUrl": "http://staticgs.sandboxol.com/sandbox/dresses/iconsclothes_tops.34.clothes_tops.1531284824119.34",
      "status": 0,
      "sex": 0,
      "tag": [],
      "resourceId": "clothes_tops.34",
      "details": "Mechanic Top",
      "expire": 0,
      "type": 0,
      "clanLevel": 0,
      "vip": 0,
      "occupyPosition": [
        12
      ],
      "isFree": 1
    },
        {
      "id": 647,
      "typeId": 8,
      "camera": "top",
      "name": "Mechanic Top",
      "iconUrl": "http://staticgs.sandboxol.com/sandbox/dresses/iconsclothes_pants.79.clothes_pants.1571738037387.78",
      "status": 0,
      "sex": 0,
      "tag": [],
      "resourceId": "clothes_pants.78",
      "details": "Mechanic Top",
      "expire": 0,
      "type": 0,
      "clanLevel": 0,
      "vip": 0,
      "occupyPosition": [
        12
      ],
      "isFree": 1
    },
        {
      "id": 646,
      "typeId": 8,
      "camera": "top",
      "name": "Mechanic Top",
      "iconUrl": "http://staticgs.sandboxol.com/sandbox/dresses/iconsclothes_tops.79.clothes_tops.1571738003541.78",
      "status": 0,
      "sex": 0,
      "tag": [],
      "resourceId": "clothes_tops.78",
      "details": "Mechanic Top",
      "expire": 0,
      "type": 0,
      "clanLevel": 0,
      "vip": 0,
      "occupyPosition": [
        12
      ],
      "isFree": 1
    },
        {
      "id": 295,
      "typeId": 8,
      "camera": "top",
      "name": "Mechanic Top",
      "iconUrl": "http://staticgs.sandboxol.com/sandbox/dresses/iconsclothes_pants.61.clothes_pants.1540815391339.61",
      "status": 0,
      "sex": 0,
      "tag": [],
      "resourceId": "clothes_pants.61",
      "details": "Mechanic Top",
      "expire": 0,
      "type": 0,
      "clanLevel": 0,
      "vip": 0,
      "occupyPosition": [
        12
      ],
      "isFree": 1
    },
        {
      "id": 294,
      "typeId": 8,
      "camera": "top",
      "name": "Mechanic Top",
      "iconUrl": "http://staticgs.sandboxol.com/sandbox/dresses/iconsclothes_tops.61.clothes_tops.1540815501312.61",
      "status": 0,
      "sex": 0,
      "tag": [],
      "resourceId": "clothes_tops.61",
      "details": "Mechanic Top",
      "expire": 0,
      "type": 0,
      "clanLevel": 0,
      "vip": 0,
      "occupyPosition": [
        12
      ],
      "isFree": 1
    },
        {
      "id": 292,
      "typeId": 8,
      "camera": "top",
      "name": "Halloween",
      "iconUrl": "http://staticgs.sandboxol.com/sandbox/dresses/iconsclothes_tops.62.clothes_tops.1540815132822.62",
      "status": 0,
      "sex": 0,
      "tag": [],
      "resourceId": "clothes_tops.62",
      "details": "Mechanic Top",
      "expire": 0,
      "type": 0,
      "clanLevel": 0,
      "vip": 0,
      "occupyPosition": [
        12
      ],
      "isFree": 1
    },
        {
      "id": 293,
      "typeId": 8,
      "camera": "top",
      "name": "Mechanic Top",
      "iconUrl": "http://staticgs.sandboxol.com/sandbox/dresses/iconsclothes_pants.62.clothes_pants.1540814949827.62",
      "status": 0,
      "sex": 0,
      "tag": [],
      "resourceId": "clothes_pants.62",
      "details": "Mechanic Top",
      "expire": 0,
      "type": 0,
      "clanLevel": 0,
      "vip": 0,
      "occupyPosition": [
        12
      ],
      "isFree": 1
    },
        {
      "id": 311,
      "typeId": 8,
      "camera": "top",
      "name": "Mechanic Top",
      "iconUrl": "http://staticgs.sandboxol.com/sandbox/dresses/iconsiconsclothes_tops.1544428082929.62",
      "status": 0,
      "sex": 0,
      "tag": [],
      "resourceId": "clothes_tops.62",
      "details": "Mechanic Top",
      "expire": 0,
      "type": 0,
      "clanLevel": 0,
      "vip": 0,
      "occupyPosition": [
        12
      ],
      "isFree": 1
    },
        {
      "id": 312,
      "typeId": 8,
      "camera": "top",
      "name": "Mechanic Top",
      "iconUrl": "http://staticgs.sandboxol.com/sandbox/dresses/iconsiconsclothes_pants.1544428086298.62",
      "status": 0,
      "sex": 0,
      "tag": [],
      "resourceId": "clothes_tops.62",
      "details": "Mechanic Top",
      "expire": 0,
      "type": 0,
      "clanLevel": 0,
      "vip": 0,
      "occupyPosition": [
        12
      ],
      "isFree": 1
    },
        {
      "id": 588,
      "typeId": 8,
      "camera": "top",
      "name": "Mechanic Top",
      "iconUrl": "http://staticgs.sandboxol.com/sandbox/dresses/iconsiconsclothes_tops.1571384768923.73",
      "status": 0,
      "sex": 0,
      "tag": [],
      "resourceId": "clothes_tops.74",
      "details": "Mechanic Top",
      "expire": 0,
      "type": 0,
      "clanLevel": 0,
      "vip": 0,
      "occupyPosition": [
        12
      ],
      "isFree": 1
    },
    {
      "id": 5,
      "typeId": 8,
      "camera": "top",
      "name": "Purple Top",
      "iconUrl": "http://staticgs.sandboxol.com/sandbox/dresses/iconsclothes_tops.3.clothes_tops.1513395647868.3",
      "status": 0,
      "sex": 0,
      "tag": [],
      "resourceId": "clothes_tops.3",
      "details": "Purple Top",
      "expire": 0,
      "type": 0,
      "clanLevel": 0,
      "vip": 0,
      "occupyPosition": [
        12
      ],
      "isFree": 1
    },
    {
      "id": 24,
      "typeId": 8,
      "camera": "top",
      "name": "Purple Top",
      "iconUrl": "http://staticgs.sandboxol.com/sandbox/dresses/iconsclothes_tops.3.clothes_tops.1513395647868.24",
      "status": 0,
      "sex": 0,
      "tag": [],
      "resourceId": "clothes_tops.24",
      "details": "Purple Top",
      "expire": 0,
      "type": 0,
      "clanLevel": 0,
      "vip": 0,
      "occupyPosition": [
        12
      ],
      "isFree": 1
    },
    {
      "id": 6,
      "typeId": 8,
      "camera": "top",
      "name": "Smart Top",
      "iconUrl": "http://staticgs.sandboxol.com/sandbox/dresses/iconsclothes_tops.4.clothes_tops.1513395672091.4",
      "status": 0,
      "sex": 0,
      "tag": [],
      "resourceId": "clothes_tops.4",
      "details": "Smart Top",
      "expire": 0,
      "type": 0,
      "clanLevel": 0,
      "vip": 0,
      "occupyPosition": [
        12
      ],
      "isFree": 1
    },
    {
      "id": 1,
      "typeId": 9,
      "camera": "bottom",
      "name": "Mechanic Pants",
      "iconUrl": "http://staticgs.sandboxol.com/sandbox/dresses/iconsclothes_pants.2.clothes_pants.1513395497654.2",
      "status": 0,
      "sex": 0,
      "tag": [],
      "resourceId": "clothes_pants.2",
      "details": "Mechanic Pants",
      "expire": 0,
      "type": 0,
      "clanLevel": 0,
      "vip": 0,
      "occupyPosition": [
        12
      ],
      "isFree": 1
    },
    {
      "id": 2,
      "typeId": 9,
      "camera": "bottom",
      "name": "Purple Pants",
      "iconUrl": "http://staticgs.sandboxol.com/sandbox/dresses/iconsclothes_pants.3.clothes_pants.1513396505244.3",
      "status": 0,
      "sex": 0,
      "tag": [],
      "resourceId": "clothes_pants.3",
      "details": "Purple Pants",
      "expire": 0,
      "type": 0,
      "clanLevel": 0,
      "vip": 0,
      "occupyPosition": [
        12
      ],
      "isFree": 1
    },
    {
      "id": 3,
      "typeId": 9,
      "camera": "bottom",
      "name": "Smart Pants",
      "iconUrl": "http://staticgs.sandboxol.com/sandbox/dresses/iconsclothes_pants.4.clothes_pants.1513395576260.4",
      "status": 0,
      "sex": 0,
      "tag": [],
      "resourceId": "clothes_pants.4",
      "details": "Smart Pants",
      "expire": 0,
      "type": 0,
      "clanLevel": 0,
      "vip": 0,
      "occupyPosition": [
        12
      ],
      "isFree": 1
    },
    {
      "id": 26,
      "typeId": 10,
      "camera": "bottom",
      "name": "Mechanic shoes",
      "iconUrl": "http://staticgs.sandboxol.com/sandbox/dresses/iconscustom_shoes.2.custom_shoes.1513396405380.2",
      "status": 0,
      "sex": 0,
      "tag": [],
      "resourceId": "custom_shoes.2",
      "details": "Mechanic Shoes",
      "expire": 0,
      "type": 0,
      "clanLevel": 0,
      "vip": 0,
      "occupyPosition": [
        12
      ],
      "isFree": 1
    },
    {
      "id": 27,
      "typeId": 10,
      "camera": "bottom",
      "name": "Purple shoes",
      "iconUrl": "http://staticgs.sandboxol.com/sandbox/dresses/iconscustom_shoes.3.custom_shoes.1513396439428.3",
      "status": 0,
      "sex": 0,
      "tag": [],
      "resourceId": "custom_shoes.3",
      "details": "Purple Shoes",
      "expire": 0,
      "type": 0,
      "clanLevel": 0,
      "vip": 0,
      "occupyPosition": [
        12
      ],
      "isFree": 1
    },
    {
      "id": 28,
      "typeId": 10,
      "camera": "bottom",
      "name": "Smart shoes",
      "iconUrl": "http://staticgs.sandboxol.com/sandbox/dresses/iconscustom_shoes.4.custom_shoes.1513396471668.4",
      "status": 0,
      "sex": 0,
      "tag": [],
      "resourceId": "custom_shoes.4",
      "details": "Smart Shoes",
      "expire": 0,
      "type": 0,
      "clanLevel": 0,
      "vip": 0,
      "occupyPosition": [
        12
      ],
      "isFree": 1
    }
]
