
[
  {
      "id": 652,
      "typeId": 14,
      "camera": "top",
      "name": "Chroma Wings",
      "iconUrl": "http://staticgs.sandboxol.com/sandbox/dresses/iconsiconscustom_wing.1575627029647.27",
      "status": 0,
      "sex": 0,
      "tag": [],
      "resourceId": "custom_wing.27",
      "details": "Chroma Wings",
      "price": 9999,
      "currency": 1,
      "expire": 0,
      "type": 0,
      "clanLevel": 0,
      "vip": 0,
      "occupyPosition": [
        12
      ],
      "hasPurchase": 1
    },
      {
      "id": 670,
      "typeId": 8,
      "camera": "top",
      "name": "Mechanic Top",
      "iconUrl": "http://staticgs.sandboxol.com/sandbox/dresses/iconsiconscustom_wing.1575627466294.28",
      "status": 0,
      "sex": 0,
      "tag": [],
      "resourceId": "custom_wing.28",
      "details": "Mechanic Top",
      "expire": 0,
      "type": 0,
      "clanLevel": 0,
      "vip": 0,
      "occupyPosition": [
        12
      ],
      "isFree": 1
    },
      {
      "id": 414,
      "typeId": 8,
      "camera": "top",
      "name": "Mechanic Top",
      "iconUrl": "http://staticgs.sandboxol.com/sandbox/dresses/iconsiconscustom_wing.1560407668437.22",
      "status": 0,
      "sex": 0,
      "tag": [],
      "resourceId": "custom_wing.22",
      "details": "Mechanic Top",
      "expire": 0,
      "type": 0,
      "clanLevel": 0,
      "vip": 0,
      "occupyPosition": [
        12
      ],
      "isFree": 1
    },
      {
      "id": 658,
      "typeId": 8,
      "camera": "top",
      "name": "Mechanic Top",
      "iconUrl": "http://staticgs.sandboxol.com/sandbox/dresses/iconsiconscustom_wing.1575627437586.28",
      "status": 0,
      "sex": 0,
      "tag": [],
      "resourceId": "clothes_tops.2",
      "details": "Mechanic Top",
      "expire": 0,
      "type": 0,
      "clanLevel": 0,
      "vip": 0,
      "occupyPosition": [
        12
      ],
      "isFree": 1
    },
      {
      "id": 415,
      "typeId": 8,
      "camera": "top",
      "name": "Mechanic Top",
      "iconUrl": "http://staticgs.sandboxol.com/sandbox/dresses/iconsiconscustom_crown.1560407684638.6",
      "status": 0,
      "sex": 0,
      "tag": [],
      "resourceId": "custom_crown.6",
      "details": "Mechanic Top",
      "expire": 0,
      "type": 0,
      "clanLevel": 0,
      "vip": 0,
      "occupyPosition": [
        12
      ],
      "isFree": 1
    },
      {
      "id": 812,
      "typeId": 8,
      "camera": "top",
      "name": "Mechanic Top",
      "iconUrl": "http://staticgs.sandboxol.com/sandbox/dresses/iconsiconscustom_wing.1583201563798.42",
      "status": 0,
      "sex": 0,
      "tag": [],
      "resourceId": "custom_wing.42",
      "details": "Mechanic Top",
      "expire": 0,
      "type": 0,
      "clanLevel": 0,
      "vip": 0,
      "occupyPosition": [
        12
      ],
      "isFree": 1
    },
     {
      "id": 378,
      "typeId": 8,
      "camera": "top",
      "name": "Mechanic Top",
      "iconUrl": "http://staticgs.sandboxol.com/sandbox/dresses/iconsiconscustom_hat.1605670262092.25-1604458667467",
      "status": 0,
      "sex": 0,
      "tag": [],
      "resourceId": "custom_hat.6",
      "details": "Mechanic Top",
      "expire": 0,
      "type": 0,
      "clanLevel": 0,
      "vip": 0,
      "occupyPosition": [
        12
      ],
      "isFree": 1
    },
      {
      "id": 371,
      "typeId": 8,
      "camera": "top",
      "name": "Mechanic Top",
      "iconUrl": "http://staticgs.sandboxol.com/sandbox/dresses/iconsiconscustom_crown.1553170719966.5",
      "status": 0,
      "sex": 0,
      "tag": [],
      "resourceId": "custom_crown.5",
      "details": "Mechanic Top",
      "expire": 0,
      "type": 0,
      "clanLevel": 0,
      "vip": 0,
      "occupyPosition": [
        12
      ],
      "isFree": 1
    },
    {
      "id": 655,
      "typeId": 14,
      "camera": "top",
      "name": "Chroma Wings",
      "iconUrl": "http://staticgs.sandboxol.com/sandbox/dresses/iconsiconscustom_wing.15758364647.29",
      "status": 0,
      "sex": 0,
      "tag": [],
      "resourceId": "custom_wing.30",
      "details": "Chroma Wings",
      "price": 9999,
      "currency": 1,
      "expire": 0,
      "type": 0,
      "clanLevel": 0,
      "vip": 0,
      "occupyPosition": [
        12
      ],
      "hasPurchase": 1
    },
    {
       "id": 25,
      "typeId": 12,
      "camera": "head",
      "name": "Cool glasses",
      "iconUrl": "http://staticgs.sandboxol.com/sandbox/dresses/iconscustom_glasses.1.custom_glasses.1513396322914.1",
      "status": 0,
      "sex": 0,
      "tag": [],
      "resourceId": "custom_glasses.1",
      "details": "Cool glasses",
      "expire": 0,
      "type": 0,
      "clanLevel": 0,
      "vip": 0,
      "occupyPosition": [
        12
      ],
      "isFree": 1
      },
      {
       "id": 411,
      "typeId": 12,
      "camera": "head",
      "name": "Cool glasses",
      "iconUrl": "http://staticgs.sandboxol.com/sandbox/dresses/iconscustom_glasses.411.custom_glasses.1513396322914.1",
      "status": 0,
      "sex": 0,
      "tag": [],
      "resourceId": "custom_wing.411",
      "details": "Cool glasses",
      "expire": 0,
      "type": 0,
      "clanLevel": 0,
      "vip": 0,
      "occupyPosition": [
        12
      ],
      "isFree": 1
      },
      {
       "id": 651,
      "typeId": 14,
      "camera": "top",
      "name": "Gold Wings",
      "iconUrl": "http://staticgs.sandboxol.com/sandbox/dresses/iconsiconscustom_wing.1575627029646.26",
      "status": 0,
      "sex": 0,
      "tag": [],
      "resourceId": "custom_wing.26",
      "details": "Chroma Wings",
      "price": 9999,
      "currency": 1,
      "expire": 0,
      "type": 0,
      "clanLevel": 0,
      "vip": 0,
      "occupyPosition": [
        12
      ],
      "hasPurchase": 1
      }
   ]
