[
    {
      "id": 166,
      "typeId": 2,
      "camera": "head",
      "name": "Helmet hat",
      "iconUrl": "http://staticgs.sandboxol.com/sandbox/dresses/iconsclothes_hair.28.clothes_hair.1518004941472.28",
      "status": 0,
      "sex": 0,
      "tag": [],
      "resourceId": "custom_hair.28",
      "details": "Helmet hat",
      "price": 120,
      "currency": 1,
      "expire": 0,
      "type": 0,
      "clanLevel": 0,
      "vip": 0,
      "occupyPosition": [
        12
      ],
      "hasPurchase": 0
    },
    {
      "id": 167,
      "typeId": 2,
      "camera": "head",
      "name": "Helmet hat 2",
      "iconUrl": "http://staticgs.sandboxol.com/sandbox/dresses/iconsclothes_hair.27.clothes_hair.1518004867927.27",
      "status": 0,
      "sex": 0,
      "tag": [],
      "resourceId": "custom_hair.27",
      "details": "Helmet hat 2",
      "price": 120,
      "currency": 1,
      "expire": 0,
      "type": 0,
      "clanLevel": 0,
      "vip": 0,
      "occupyPosition": [
        12
      ],
      "hasPurchase": 1
    },
    {
      "id": 168,
      "typeId": 2,
      "camera": "head",
      "name": "Helmet hat 3",
      "iconUrl": "http://staticgs.sandboxol.com/sandbox/dresses/iconsclothes_hair.26.clothes_hair.1518004819327.26",
      "status": 0,
      "sex": 0,
      "tag": [],
      "resourceId": "custom_hair.26",
      "details": "Helmet hat 3",
      "price": 120,
      "currency": 1,
      "expire": 0,
      "type": 0,
      "clanLevel": 0,
      "vip": 0,
      "occupyPosition": [
        12
      ],
      "hasPurchase": 1
    },
    {
      "id": 169,
      "typeId": 2,
      "camera": "head",
      "name": "Helmet hat 4",
      "iconUrl": "http://staticgs.sandboxol.com/sandbox/dresses/iconsclothes_hair.25.clothes_hair.1518004739853.25",
      "status": 0,
      "sex": 0,
      "tag": [],
      "resourceId": "custom_hair.25",
      "details": "Helmet hat 4",
      "price": 120,
      "currency": 1,
      "expire": 0,
      "type": 0,
      "clanLevel": 0,
      "vip": 0,
      "occupyPosition": [
        12
      ],
      "hasPurchase": 1
    },
    {
      "id": 170,
      "typeId": 2,
      "camera": "head",
      "name": "Helmet hat 5",
      "iconUrl": "http://staticgs.sandboxol.com/sandbox/dresses/iconsclothes_hair.24.clothes_hat.1518004437586.24",
      "status": 0,
      "sex": 0,
      "tag": [],
      "resourceId": "custom_hair.24",
      "details": "Helmet hat 5",
      "price": 120,
      "currency": 1,
      "expire": 0,
      "type": 0,
      "clanLevel": 0,
      "vip": 0,
      "occupyPosition": [
        12
      ],
      "hasPurchase": 1
    },
    {
      "id": 98,
      "typeId": 2,
      "camera": "head",
      "name": "Helmet hat 6",
      "iconUrl": "http://staticgs.sandboxol.com/sandbox/dresses/iconshair.9.hair.1516871661567.9",
      "status": 0,
      "sex": 0,
      "tag": [],
      "resourceId": "custom_hair.22",
      "details": "Helmet hat 6",
      "price": 120,
      "currency": 1,
      "expire": 0,
      "type": 0,
      "clanLevel": 0,
      "vip": 0,
      "occupyPosition": [
        12
      ],
      "hasPurchase": 0
    },
    {
      "id": 299,
      "typeId": 2,
      "camera": "head",
      "name": "Pumpkin head hair",
      "iconUrl": "http://staticgs.sandboxol.com/sandbox/dresses/iconscustom_hair.36.custom_hair.1571738273625.35",
      "status": 0,
      "sex": 0,
      "tag": [],
      "resourceId": "custom_hair.36",
      "details": "Pumpkin head hair",
      "price": 999,
      "currency": 1,
      "expire": 0,
      "type": 0,
      "clanLevel": 0,
      "vip": 0,
      "occupyPosition": [
        12
      ],
      "hasPurchase": 0
    },
    {
      "id": 368,
      "typeId": 2,
      "camera": "head",
      "name": "flame skull hat",
      "iconUrl": "http://staticgs.sandboxol.com/sandbox/dresses/iconsiconscustom_hair.1553170395408.34",
      "status": 0,
      "sex": 0,
      "tag": [],
      "resourceId": "custom_hair.34",
      "details": "flame skull hat",
      "price": 999,
      "currency": 1,
      "expire": 0,
      "type": 0,
      "clanLevel": 0,
      "vip": 0,
      "occupyPosition": [
        12
      ],
      "hasPurchase": 1
    },
    {
      "id": 645,
      "typeId": 2,
      "camera": "head",
      "name": "Mummy hat",
      "iconUrl": "http://staticgs.sandboxol.com/sandbox/dresses/iconscustom_hair.56.custom_hair.1571737925791.56",
      "status": 0,
      "sex": 0,
      "tag": [],
      "resourceId": "custom_hair.56",
      "details": "Mummy hat",
      "price": 150,
      "currency": 1,
      "expire": 0,
      "type": 0,
      "clanLevel": 0,
      "vip": 0,
      "occupyPosition": [
        12
      ],
      "hasPurchase": 0
    },
    {
      "id": 644,
      "typeId": 2,
      "camera": "head",
      "name": "Vampire Ears hat",
      "iconUrl": "http://staticgs.sandboxol.com/sandbox/dresses/iconscustom_hat.10.1.1571737527171.png",
      "status": 0,
      "sex": 0,
      "tag": [],
      "resourceId": "custom_hat.10",
      "details": "Vampire Ears hat",
      "price": 150,
      "currency": 1,
      "expire": 0,
      "type": 0,
      "clanLevel": 0,
      "vip": 0,
      "occupyPosition": [
        12
      ],
      "hasPurchase": 0
    },
    {
      "id": 258,
      "typeId": 2,
      "camera": "head",
      "name": "world cup mascot hat",
      "iconUrl": "http://staticgs.sandboxol.com/sandbox/dresses/iconscustom_hair.29.custom_hair.1528202474191.29",
      "status": 0,
      "sex": 0,
      "tag": [],
      "resourceId": "custom_hair.29",
      "details": "world cup mascot hat",
      "price": 3000,
      "currency": 2,
      "expire": 0,
      "type": 0,
      "clanLevel": 0,
      "vip": 0,
      "occupyPosition": [
        12
      ],
      "hasPurchase": 0
    }
]