[
    {
      "id": 141,
      "typeId": 14,
      "camera": "top",
      "name": "Pan",
      "iconUrl": "http://staticgs.sandboxol.com/sandbox/dresses/iconscustom_bag.6.custom_bag.1516873715037.6",
      "status": 0,
      "sex": 0,
      "tag": [],
      "resourceId": "custom_wing.8",
      "details": "Pan",
      "price": 120,
      "currency": 1,
      "expire": 0,
      "type": 0,
      "clanLevel": 0,
      "vip": 0,
      "occupyPosition": [
        12
      ],
      "hasPurchase": 1
    },
    {
      "id": 139,
      "typeId": 14,
      "camera": "top",
      "name": "Captain America's Shield",
      "iconUrl": "http://staticgs.sandboxol.com/sandbox/dresses/iconscustom_bag.5.custom_bag.1516870760867.5",
      "status": 0,
      "sex": 0,
      "tag": [],
      "resourceId": "custom_wing.7",
      "details": "Captain America's Shield",
      "price": 220,
      "currency": 1,
      "expire": 0,
      "type": 0,
      "clanLevel": 0,
      "vip": 0,
      "occupyPosition": [
        12
      ],
      "hasPurchase": 1
    },
    {
      "id": 140,
      "typeId": 14,
      "camera": "top",
      "name": "black sport backpack",
      "iconUrl": "http://staticgs.sandboxol.com/sandbox/dresses/iconscustom_bag.4.custom_bag.1516870663912.4",
      "status": 0,
      "sex": 0,
      "tag": [],
      "resourceId": "custom_wing.6",
      "details": "black sport backpack",
      "price": 180,
      "currency": 1,
      "expire": 0,
      "type": 0,
      "clanLevel": 0,
      "vip": 0,
      "occupyPosition": [
        12
      ],
      "hasPurchase": 1
    },
    {
      "id": 138,
      "typeId": 14,
      "camera": "top",
      "name": "blue sports bag",
      "iconUrl": "http://staticgs.sandboxol.com/sandbox/dresses/iconscustom_bag.3.custom_bag.1516870620040.3",
      "status": 0,
      "sex": 0,
      "tag": [],
      "resourceId": "custom_wing.5",
      "details": "blue sports bag",
      "price": 200,
      "currency": 1,
      "expire": 0,
      "type": 0,
      "clanLevel": 0,
      "vip": 0,
      "occupyPosition": [
        12
      ],
      "hasPurchase": 0
    },
    {
      "id": 137,
      "typeId": 14,
      "camera": "top",
      "name": "Backpack",
      "iconUrl": "http://staticgs.sandboxol.com/sandbox/dresses/iconscustom_bag.2.custom_bag.1516870566646.2",
      "status": 0,
      "sex": 0,
      "tag": [],
      "resourceId": "custom_wing.4",
      "details": "Backpack",
      "price": 150,
      "currency": 1,
      "expire": 0,
      "type": 0,
      "clanLevel": 0,
      "vip": 0,
      "occupyPosition": [
        12
      ],
      "hasPurchase": 1
    },
    {
      "id": 92,
      "typeId": 14,
      "camera": "top",
      "name": "Yellow-green bag",
      "iconUrl": "http://staticgs.sandboxol.com/sandbox/dresses/iconscustom_wing.3.custom_wing.1514521061552.3",
      "status": 0,
      "sex": 0,
      "tag": [],
      "resourceId": "custom_wing.3",
      "details": "Yellow-green bag",
      "price": 12000,
      "currency": 2,
      "expire": 0,
      "type": 0,
      "clanLevel": 0,
      "vip": 0,
      "occupyPosition": [
        12
      ],
      "hasPurchase": 1
    },
    {
      "id": 90,
      "typeId": 13,
      "camera": "head",
      "name": "Red scarf",
      "iconUrl": "http://staticgs.sandboxol.com/sandbox/dresses/iconscustom_scarf.2.custom_scarf.1514520503000.2",
      "status": 0,
      "sex": 0,
      "tag": [],
      "resourceId": "custom_scarf.2",
      "details": "Red scarf",
      "price": 120,
      "currency": 1,
      "expire": 0,
      "type": 0,
      "clanLevel": 0,
      "vip": 0,
      "occupyPosition": [
        12
      ],
      "hasPurchase": 1
    },
    {
      "id": 89,
      "typeId": 14,
      "camera": "top",
      "name": "Blue cloak",
      "iconUrl": "http://staticgs.sandboxol.com/sandbox/dresses/iconscustom_wing.2.custom_wing.1514520882097.2",
      "status": 0,
      "sex": 0,
      "tag": [],
      "resourceId": "custom_wing.2",
      "details": "Blue cloak",
      "price": 999,
      "currency": 1,
      "expire": 0,
      "type": 0,
      "clanLevel": 0,
      "vip": 0,
      "occupyPosition": [
        12
      ],
      "hasPurchase": 0
    },
    {
      "id": 652,
      "typeId": 14,
      "camera": "top",
      "name": "Chroma Wings",
      "iconUrl": "http://staticgs.sandboxol.com/sandbox/dresses/iconsiconscustom_wing.1575627029647.27",
      "status": 0,
      "sex": 0,
      "tag": [],
      "resourceId": "custom_wing.27",
      "details": "Chroma Wings",
      "price": 9999,
      "currency": 1,
      "expire": 0,
      "type": 0,
      "clanLevel": 0,
      "vip": 0,
      "occupyPosition": [
        12
      ],
      "hasPurchase": 1
    },
    {
      "id": 304,
      "typeId": 14,
      "camera": "top",
      "name": "Count Pumpkin",
      "iconUrl": "http://staticgs.sandboxol.com/sandbox/dresses/iconscustom_wing.14.custom_wing.1571738201053.14",
      "status": 0,
      "sex": 0,
      "tag": [],
      "resourceId": "custom_wing.14",
      "details": "Count Pumpkin",
      "price": 999,
      "currency": 1,
      "expire": 0,
      "type": 0,
      "clanLevel": 0,
      "vip": 0,
      "occupyPosition": [
        12
      ],
      "hasPurchase": 1
    },
    {
      "id": 415,
      "typeId": 15,
      "camera": "whole",
      "name": "Piggy bank crown",
      "iconUrl": "http://staticgs.sandboxol.com/sandbox/dresses/iconsiconscustom_crown.1560407684638.6",
      "status": 0,
      "sex": 0,
      "tag": [],
      "resourceId": "custom_crown.6",
      "details": "Piggy bank crown",
      "price": 9999,
      "currency": 1,
      "expire": 0,
      "type": 0,
      "clanLevel": 0,
      "vip": 0,
      "occupyPosition": [
        12
      ],
      "hasPurchase": 1
    },
    {
      "id": 39,
      "typeId": 12,
      "camera": "top",
      "name": "Square black frame glasses",
      "iconUrl": "http://staticgs.sandboxol.com/sandbox/dresses/iconscustom_glasses.2.custom_glasses.1514549341971.2",
      "status": 0,
      "sex": 0,
      "tag": [],
      "resourceId": "custom_glasses.2",
      "details": "Square black frame glasses",
      "price": 150,
      "currency": 1,
      "expire": 0,
      "type": 0,
      "clanLevel": 0,
      "vip": 0,
      "occupyPosition": [
        12
      ],
      "hasPurchase": 0
    },
    {
      "id": 88,
      "typeId": 14,
      "camera": "top",
      "name": "Angel Wings",
      "iconUrl": "http://staticgs.sandboxol.com/sandbox/dresses/iconscustom_wing.1.custom_wing.1514520795266.1",
      "status": 0,
      "sex": 0,
      "tag": [],
      "resourceId": "custom_wing.1",
      "details": "Angel Wings",
      "price": 9999,
      "currency": 1,
      "expire": 0,
      "type": 0,
      "clanLevel": 0,
      "vip": 0,
      "occupyPosition": [
        12
      ],
      "hasPurchase": 1
    },
    {
      "id": 252,
      "typeId": 14,
      "camera": "top",
      "name": "World cup wings",
      "iconUrl": "http://staticgs.sandboxol.com/sandbox/dresses/iconscustom_wing.10.custom_wing.1528203236903.10",
      "status": 0,
      "sex": 0,
      "tag": [],
      "resourceId": "custom_wing.10",
      "details": "World cup wings",
      "price": 9999,
      "currency": 1,
      "expire": 0,
      "type": 0,
      "clanLevel": 0,
      "vip": 0,
      "occupyPosition": [
        12
      ],
      "hasPurchase": 0
    },
    {
      "id": 669,
      "typeId": 14,
      "camera": "top",
      "name": "Red Wings",
      "iconUrl": "http://staticgs.sandboxol.com/sandbox/dresses/iconsiconscustom_wing.1608016590731.25",
      "status": 0,
      "sex": 0,
      "tag": [],
      "resourceId": "custom_wing.25",
      "details": "Red Wings",
      "price": 9999,
      "currency": 1,
      "expire": 0,
      "type": 0,
      "clanLevel": 0,
      "vip": 0,
      "occupyPosition": [
        12
      ],
      "hasPurchase": 1
    },
    {
      "id": 378,
      "typeId": 11,
      "camera": "head",
      "name": "devil horns head",
      "iconUrl": "http://staticgs.sandboxol.com/sandbox/dresses/iconsiconscustom_hat.1553170916549.6",
      "status": 0,
      "sex": 0,
      "tag": [],
      "resourceId": "custom_hat.6",
      "details": "devil horns head",
      "price": 999,
      "currency": 1,
      "expire": 0,
      "type": 0,
      "clanLevel": 0,
      "vip": 0,
      "occupyPosition": [
        12
      ],
      "hasPurchase": 1
    },
    {
      "id": 340,
      "typeId": 15,
      "camera": "whole",
      "name": "Snow clouds crown",
      "iconUrl": "http://staticgs.sandboxol.com/sandbox/dresses/iconsiconscustom_crown.1544428481170.4",
      "status": 0,
      "sex": 0,
      "tag": [],
      "resourceId": "custom_crown.4",
      "details": "Snow clouds crown",
      "price": 9999,
      "currency": 1,
      "expire": 0,
      "type": 0,
      "clanLevel": 0,
      "vip": 0,
      "occupyPosition": [
        12
      ],
      "hasPurchase": 1
    },
    {
      "id": 339,
      "typeId": 12,
      "camera": "head",
      "name": "Santa mustache glasses",
      "iconUrl": "http://staticgs.sandboxol.com/sandbox/dresses/iconsiconscustom_glasses.1544428473339.5",
      "status": 0,
      "sex": 0,
      "tag": [],
      "resourceId": "custom_glasses.5",
      "details": "Santa mustache glasses",
      "price": 150,
      "currency": 1,
      "expire": 0,
      "type": 0,
      "clanLevel": 0,
      "vip": 0,
      "occupyPosition": [
        12
      ],
      "hasPurchase": 1
    },
    {
      "id": 141,
      "typeId": 14,
      "camera": "top",
      "name": "Football Wings",
      "iconUrl": "http://staticgs.sandboxol.com/sandbox/dresses/iconsiconscustom_wing.1571385024793.35",
      "status": 0,
      "sex": 0,
      "tag": [],
      "resourceId": "custom_wing.35",
      "details": "Football Wings",
      "price": 120,
      "currency": 1,
      "expire": 0,
      "type": 0,
      "clanLevel": 0,
      "vip": 0,
      "occupyPosition": [
        12
      ],
      "hasPurchase": 1
    },
    {
      "id": 414,
      "typeId": 14,
      "camera": "top",
      "name": "Rich golden wings",
      "iconUrl": "http://staticgs.sandboxol.com/sandbox/dresses/iconsiconscustom_wing.1560407668437.22",
      "status": 0,
      "sex": 0,
      "tag": [],
      "resourceId": "custom_wing.22",
      "details": "Rich golden wings",
      "price": 9999,
      "currency": 1,
      "expire": 0,
      "type": 0,
      "clanLevel": 0,
      "vip": 0,
      "occupyPosition": [
        12
      ],
      "hasPurchase": 1
    },
    {
      "id": 91,
      "typeId": 13,
      "camera": "head",
      "name": "Green scarf",
      "iconUrl": "http://staticgs.sandboxol.com/sandbox/dresses/iconscustom_scarf.1.custom_scarf.1514520393442.1",
      "status": 0,
      "sex": 0,
      "tag": [],
      "resourceId": "custom_scarf.1",
      "details": "Green scarf",
      "price": 120,
      "currency": 1,
      "expire": 0,
      "type": 0,
      "clanLevel": 0,
      "vip": 0,
      "occupyPosition": [
        12
      ],
      "hasPurchase": 0
    },
    {
      "id": 254,
      "typeId": 13,
      "camera": "head",
      "name": "world cup gold medal scarf",
      "iconUrl": "http://staticgs.sandboxol.com/sandbox/dresses/iconscustom_scarf.6.custom_scarf.1528202745502.6",
      "status": 0,
      "sex": 0,
      "tag": [],
      "resourceId": "custom_scarf.6",
      "details": "world cup gold medal scarf",
      "price": 120,
      "currency": 1,
      "expire": 0,
      "type": 0,
      "clanLevel": 0,
      "vip": 0,
      "occupyPosition": [
        12
      ],
      "hasPurchase": 1
    },
    {
      "id": 255,
      "typeId": 13,
      "camera": "head",
      "name": "world cup silver medal scarf",
      "iconUrl": "http://staticgs.sandboxol.com/sandbox/dresses/iconscustom_scarf.5.custom_scarf.1528202703099.5",
      "status": 0,
      "sex": 0,
      "tag": [],
      "resourceId": "custom_scarf.5",
      "details": "world cup silver medal scarf",
      "price": 120,
      "currency": 1,
      "expire": 0,
      "type": 0,
      "clanLevel": 0,
      "vip": 0,
      "occupyPosition": [
        12
      ],
      "hasPurchase": 0
    },
    {
      "id": 256,
      "typeId": 13,
      "camera": "head",
      "name": "World Cup Bronze Medal scarf",
      "iconUrl": "http://staticgs.sandboxol.com/sandbox/dresses/iconscustom_scarf.4.custom_scarf.1528202581125.4",
      "status": 0,
      "sex": 0,
      "tag": [],
      "resourceId": "custom_scarf.4",
      "details": "World Cup Bronze Medal scarf",
      "price": 120,
      "currency": 1,
      "expire": 0,
      "type": 0,
      "clanLevel": 0,
      "vip": 0,
      "occupyPosition": [
        12
      ],
      "hasPurchase": 0
    },
    {
      "id": 136,
      "typeId": 11,
      "camera": "head",
      "name": "Silver headphones",
      "iconUrl": "http://staticgs.sandboxol.com/sandbox/dresses/iconscustom_hat.2.custom_hat.1516871067145.2",
      "status": 0,
      "sex": 0,
      "tag": [],
      "resourceId": "custom_hat.2",
      "details": "Silver headphones",
      "price": 120,
      "currency": 1,
      "expire": 0,
      "type": 0,
      "clanLevel": 0,
      "vip": 0,
      "occupyPosition": [
        12
      ],
      "hasPurchase": 1
    }
]